005B517DE093C36260DB51738CE1BB38	ロックマンX アニバーサリー コレクション 2
0071ADF7CCDD79B78FDC340DF349FA7B	ルフランの地下迷宮と魔女ノ旅団
0090EB285706F1394C5019A5CB847DCA	Zaccaria Pinball
00D16E5E83531DBC2A291B7356EE4CC7	Hardway Party
00D67BB3D2D3E3F3DC2133782CE478CF	Teslagrad
00FB98F718BE3501DF21305CBA922135	MotoGP18
0103C1801C62C21D9770DA79C7FBBF1F	PAC-MAN Championship Edition 2 PLUS
0113217627AA97E2DF5A859696D2A2C1	Darkest Dungeon
011DC959A3C29A6959194E126FDD2AAC	Arcade Archives Kid's Horehore Daisakusen
011FDC590C3D44C1CD073DAE942E2252	Elli
0140BCE5DAF2A4E0ED8AD14454F8224E	The Wardrobe
0140C3DDFCFE7D64842623F239AB66CF	Cartoon Network - Battle Crashers
01889E86CC2A22CBBAD8CF35084252BD	Tiny Troopers Joint Ops XL
02152218484ACB15904AF2195B88E20C	Akane
022CF69C0F73D366F88C7318FDE9C1E7	THE Number Puzzle
0263CFE07655B982D6035111B38E8B72	Hyrule Warriors - Definitive Edition
02911A7892FE4778759F0502728674EA	The Jackbox Party Pack 2
029B5FB3F7CC31DE3E79D3B2A9FCE8E2	Gem Smashers
02A88F113B8339BAE2ABD341A3484737	SINNER Sacrifice for Redemption
02BBCDB4ADD1A34B493E9B955033065C	ベイブレードバースト バトルゼロ
02F80E81A56C49457F0AFEAFFF85A201	Spectrum
032FE7FE06A8F02804FB59C6D7FAA4D7	Yono (ヨノ)
03AC18CEFE25E599A0E34570FE675A38	SEGA Genesis – Nintendo Switch Online
03BACCBD7D3824B455214AD128488FD6	LIMBO
03C5C24730388D215F864475F8BDD4CA	Arcade Archives Kid Niki Radical Ninja
03CE6CC8F2A5F99CB5996235E1105FAB	殺人探偵ジャック・ザ・リッパー
03D7282D559CA5BBB4E1B0992518A6E9	Monster Energy Supercross - The Official Videogame
03D9883340C4C490FCC0DC10CCEBFDBC	Surgeon Simulator CPR
03EE6CC701AE7F0AF31BA42190083DB5	Neo Atlas 1469
03F6D2DE86ACBC923C87A67D746E299C	Clustertruck
044C8BAB02631018427C315F35F06854	クエストオブダンジョンズ
0452D6F22BE5D75163670A9161C9E12B	Bomber Crew
045F11B860FEA54FA0D05755BDBCD309	36 Fragments of Midnight
0466B299715FFEAD385ACD69DED3F96C	Zombillie
046C460F6D16A3B4015E1403DA816ECD	FINAL FANTASY XII THE ZODIAC AGE
047634F6DF8F2A041419899112BC2764	World Soccer Pinball
048CC23743F843D2221750FE860E19E5	Kitten Squad
04C14B38327F6FE9D2A9EB0DF401F59C	Aqua Moto Racing Utopia
04DA07D47A593470B8CAAEAC9A640B37	Pirates - All Aboard!
04DB9A935B12C2BA283F3046F7C24031	Sephirothic Stories
04EA7795F2895453FF601F3C5A95ACF5	ACA NEOGEO BLAZING STAR
051F2E17E4EB124107ADFF00712F68EA	Katana ZERO
052780F71669A972A62742A3F0968555	Omvorm
054B16B321989B7AFE99BD4067638328	Sundered - Eldritch Edition
055DBD061C55FCAA03F280413B1BEADF	ACA NEOGEO FOOTBALL FRENZY
055E9510C4865009DA9D355DDC1C64BF	My Lovely Daughter
0585E865DFB68B5298F19360A730EDB3	Puyo Puyo Tetris
059294E15ECA9F08F883D6245E1923E2	ふたりで！にゃんこ大戦争
05B50319F2C35A41A944E4C33CDC08B6	DYNASTY WARRIORS 8 - Xtreme Legends Definitive Edition
05D8206DE9C08C64CC2D51F5C8588C54	Conga Master Cruisin
05DC14F80A13996B94160CD375AFD506	Super Nintendo Entertainment System - Nintendo Switch Online
060013937BC484C195B5B7D9DD63EBAC	Mr. Shifty
060480A0C4E15D5EAA2159DC3454E6C2	チャリオット 王様パック
061B5841B330995A893F581DB93FF96F	Air Conflicts - Pacific Carriers
062DD3BC3CF59885A6762E5A30A14CD1	FIFA 18
06454DD5E25D47912C3023B733343EF7	Gym Hero - Idle Fitness Tycoon
0645B47C4465B167D87B1A3D895F5939	Mahjong Deluxe 3
06831E55343C98204D15722D6A049577	Bloody Zombies
06A93713B11C3AC1D0106026ACC43C10	世界の覇者Ｘ
06C54F7E835CFE06BD2AD31C9C4667D7	ACA NEOGEO KARNOV'S REVENGE
06C567A729BA813FC41B82F5B579DCB4	無双OROCHI２ Ultimate
06D2E8872880525262A2EC2689631938	Kenshō
06D95A8BB701857A5186F098070F880B	僕の彼女は人魚姫！？ My Girlfriend is a Mermaid!?
0703D4E517C08BD931FFDAF4B71E02F1	Heart&Slash
07171111267701C7544AF2D2DD369F7E	BQM -BlockQuest Maker-
0718E03067ADB242B9613765B5C2AEB2	Rival Megagun
0772E9161B64C26403B382F1CE5D5DAD	ACA NEOGEO NINJA MASTER'S
0793698212D73E2512837C1723EF1969	Constructor Plus
0795F3624BB129B89B571DB7E0952267	Rento Fortune Monolit
07AC65989443EEACBA494825EBE5653E	The Red Strings Club
07ACA5809C9608779ED2B95B8E58398F	FRAMED Collection
07C547982E09CC07B6D6D5766ECE564C	World End Syndrome
07D9814262B38BD7F7D0D29A25B162B8	LEGO CITY Undercover
07DDE2B47FBC12E799B6102605394BBC	MIND - Path to Thalamus
0829854352007F411A6CD4B0325B18A9	カーズ3 勝利への道
08582CA9672C47CCACA24B0C8699D1B7	Semblance
088D12077FBD8CE7A92A532FDD905A12	The Room
08BE703972ABD831BDD85C197E38973F	マリオテニス エース 発売前先行オンライン大会
08EDDA01163A8D764ECD531CF6AEA797	GRIS
08F7C1D7191C9D8BACC7EF6F02B4898B	Snowboarding The Next Phase
09226AD9217C4B6EA172C8F8D93413A6	Draw a Stickman - EPIC 2
09281932983CFA2319B2F46A54F8F455	Cave Story+
092F24C061C0FB873FE16567CE37097F	Super Inefficient Golf
096C6C8595E5488044801AEFA416723E	Ultra Hyperball
09772A800FF13369A812098B8BBE0818	ギア・クラブ アンリミテッド
098161C74795DA7A0990D4F403EAC7C1	ロロロロ 体験版
099ECEEF904DB62AEE3A76A3137C241B	Super Mario Party
09AD996C05A9B3DAAC88F873AEABB3D5	Piczle Lines DX 500 More Puzzles!
09E2689986FDB90C28199859721FC030	Ittle Dew 2+
0A0CF7F331B9B06E46080D028495A335	Iron Crypticle
0A199663E09B61DBC6B47C22CAB0FBCF	Don't Die, Mr Robot!
0A1AF3AA568491BA40C7981D4AF345CE	Her Majesty's SPIFFING
0A37FB708CBE541E4ABBAC7FC8357565	空のフォークロア
0A4698DF15F3D47590434D420DF31C89	謎解きメール
0A649893FF21812E9BF100C44BCFE3CA	FLASHBACK
0A660FF147EC7137C952C14621795E84	Radiation Island
0A7BF71542A3645ABFA040C00CB77D2D	Operation Pig
0A87D9C7A6B47BC75808651071D526DB	ACA NEOGEO ROBO ARMY
0A9CD0AB809B6E015FFA94594287E809	Skies of Fury DX
0B60DC92CF69A9C2697CC901D565A22B	Crayola Scoot
0B90F59C09B7ADA5AB827BFC700D662D	聖剣伝説COLLECTION
0BA1161EA8DA29B8CA14C140B69127DE	刑事J.B.ハロルドの事件簿 マンハッタン・レクイエム
0BA8CBB3D81D84308B61F647D4FD9531	数学力王 中学１年
0BC5646418FE9F6E2A019F5807DDA7AE	ボクらの消しゴム落とし
0BC653BA015E194948C0248F8718438C	SNK Heroines Tag Team Frenzy
0BE71E600029AB866A371C0578FA4547	Cytus α
0BEF980B9EC8A71432FA8CED1A1C2993	ネコ・トモ
0C6883ADBF9C7FDBEE7483F98990EEEE	Taiko no Tatsujin Drum'n'Fun!
0C8BAFEB943D9E6D2FF0D67AC0AC2B69	Infernium
0CCD33D3D75FCA94F7AE7053E6E47F8C	伊勢志摩ミステリー案内 偽りの黒真珠
0CE001EC30B031A6356A6868351B8713	12 orbits
0CF0EC6333F92EBB46AA7967CF9734C2	Calculation Castle - Greco's Ghostly Challenge "Division"
0CF3D152205C8C4737B9F2AECB03CE17	Siegecraft Commander
0D0517EEBD764A5F9E895A4120F85BA9	The Inner World
0D0D46C4F5394ADEA69EC2475093773C	Hell is Other Demons
0D645FA0445413D3D6ACC98D8773F3F4	Plague Road
0D7BB4E8DB4CFFB76499A3C5141D3081	Wer weiß denn sowas? - Das Spiel (DEU)
0D86DEA6DC785CDE27AF5621FA195678	The friends of Ringo Ishikawa
0DAE9A983A4BEFF0A51EA4E5304E9D9A	Giana Sisters Twisted Dreams - Owltimate Edition
0DD5110DD4B84C944CAF2D52581211F4	Xeodrifter
0DFF35AFED54DE877A5F98A2C76DCBED	Disco Dodgeball - REMIX
0E16BFBD5BD91746D4EF3435B900662C	Salt and Sanctuary
0E3506DE90C7A3D3B3D36272F90E8D7C	Fear Effect Sedna
0E36D15E28D0A24FDCAE4AFE98E6E57E	Firefighters – The Simulation
0E46AA3442E696223896F59CB92E1A1E	Physical Contact - Picture Place
0E5211D4594184BD9C1D975B1AE4CC47	Sniper Elite V2 Remastered
0E5FEC5305745886DD7884A0129866BD	The Messenger
0E6CFD533715BE21FBE552EDAB8EF02A	Romancing SaGa 2
0E7530A3D1D9AA95709F1F586E40BD10	Mecha Storm
0E7DF678130F4F0FA2C88AE72B47AFDF	Super Smash Bros. Ultimate
0E8C77F40098791FAC8C33C5C50C1081	ヒューマン・リソース・マシーン
0E9A64572AD9F817DE79A1B7DE96BA38	Aegis Defenders
0ED13193EE0533A1B02D17C62104BD62	Lovers in a Dangerous Spacetime
0F0ECF0A8B61867338B0AF2CD93192B3	ウィザーズ シンフォニー
0F4F328AD45F5B8A847B19292E93B30D	Embers of Mirrim Demo
0F670713F63F5C61DC2E257BF90D4898	Darkest Hunters
0F7360B9E4A9BCD51E17A7D68F757723	Super Blackjack Battle 2 Turbo Edition - The Card Warriors
0F7A86B4B98FA7310B1E3425BF54A89D	ACA NEOGEO THE KING OF FIGHTERS '95
0FB1AF7BEA9BB0872DB9B25640D237CE	Steven Universe - Save the Light
0FB4F79BB69019329D784C904898A693	タッチバトル戦車SP
0FBA8E349C334E4CAADE2F6690C5B74C	Full Metal Furies
100189D10583EC87EDAE58E40430323D	ULTRA STREET FIGHTER II The Final Challengers
105494FE93F034D400853FC518448198	LOST SPHEAR
10773BF75A4910F349E0954757F16FD8	Motorsport Manager for Nintendo Switch
1085D38C2FC45212DEB112F7310042BE	DRAGON BALL FIGHTERZ Open Beta
108DA6E05325922F287961A5E45D868A	The Pinball Arcade
10913F964FE64B3373593633781B4FA9	Severed
10B9C4F44FB239FBFE8D6B5117CD12F1	メモリーズオフ-Innocent Fille- for Dearest
10F9114C2EEA683A55B337FC89430AD4	Parallel
111834FAC8787482E88B4B14329B8E26	ACA NEOGEO THE KING OF FIGHTERS '96
111D7E27CF1809472632D9C21C19C658	Resident Evil
11260164DFCCB4C1980A116D57B6C9F9	Rocket Fist
113ACA77B7633FF53E57E8B02B513935	INSTANT TENNIS
11A26D23333FB98A2550ED5C6ABAF9C1	#Breakforcist Battle
11B64E28AD7A49CA9EC8AC007BE858C6	Minecraft
11EBFCD20C9966F08A32B1E6EEA32655	Xenoraid
120717FE38E5AA3A06E82B873633D680	PAYDAY 2
120D54309A15150C8214CB6C897A343B	メルルのアトリエ ～アーランドの錬金術士３～ DX
121ABD7E228B57EA78BA3F97F5F22D4C	Cattails
12673E3C48C4B914A554DCA8E9D8EF36	Super Life of Pixel
127DB4183A2EAC369B380B6FB0B27E93	niconico
1287B1BD7297F704D8E52210FA3828E6	Let's Sing 2018
12959DED903D02DA2C7791ECC79F2156	TENGAI for Nintendo Switch
131460AA97D77ECB4EF8F075F9E43C18	Youtubers Life - OMG Edition
132FFFF5F327DE6F279A68813E35AD5D	ゼルダ無双 ハイラルオールスターズ DX
13583C7AA1812AF2802E7A82419C225C	ラビ×ラビ-パズルアウトストーリーズ-
1371F3AA142DD922CDDD1051C2CA5ACB	BOOST BEAST
137F1F87B42CDB57FF1C25E87A70FA1E	リトルインフェルノ
13BBCD125931ACA6E654AE761A3B927E	Broforce
13D6586443320E9BC84E1B75D03AF0B2	イースVIII -Lacrimosa of DANA-
140CADCC89467777DF2F76AB48F0DC5C	Twin Robots - Ultimate Edition
140D763B66EEF3F9D2579210FEF81127	ACA NEOGEO THE KING OF FIGHTERS '94
1458E742B18CFA10BE5B809F9AABDEE5	東方Project『東方紅舞闘V』
14942B10F7F71FDBF6B01BEDA5A786A5	金沢将棋 ～レベル300～
149E09AB414838A0CD48981D160BBA11	Infinite Minigolf
14BAB61F749E91F8CE698DDD73AD0BAD	CricktoGame - Nintendo Switch Edition
14E5A4ACA8DCB4EDE86F812ADB804E17	The Jackbox Party Pack 4
14FB37E112CF6B52AA845F7F6FE8E70A	Istanbul - Digital Edition
15736915A66203812826C1086E0360FD	この世の果てで恋を唄う少女YU-NO
1578F8061A9197A975BAFC2C51834DF6	Active Soccer 2019
158B6247012F39F8E7886A1CFEDE4392	Into the Breach
15B8FB29F30DBAF11ED9A67711AF9781	Mr. Shifty
15C6B455F000341721ADCC17DC9FA628	Splash Blast Panic
15D7F74F516AB17B0A124B5159E2AA7C	Moon Hunters
15DCAE5C51E3E04E2EF9053381A73EEF	不思議の幻想郷TOD -RELOADED-
161A9DF58B1EDF39846EE0EBDAB9D72C	ACA NEOGEO REAL BOUT FATAL FURY SPECIAL
1628E0CE3F839127054B0EE36E28E52A	Sonic Mania
167E856F0B36BF0AF1406A5873D4D2E3	ACA NEOGEO METAL SLUG 2
16851BE00BC6068871FE49D98876D6C5	Mario Kart 8 Deluxe
16956D75D9C6DC62DC81B398B791AC70	Collidalot
169DA4EE99A210A45D9ED0FB6557690A	Fairune Collection
170E1BFCAD62DC17198275870C69B410	The Warlock of Firetop Mountain - Goblin Scourge Edition!
1710E8367799170BDC0A0626FE1CB863	セクシー・ブルテイル
1715111CEAD5966838EB13A79FFB724B	Chameleon Run Deluxe Edition
171F4D0221B8B428DAF8A691250110D1	Momodora - Reverie Under the Moonlight
1732B5960176F92C826CBF169DAEC049	PHOTON³（フォトン・キューブ）
1739BB40BC7536931AB91AB1E344ED22	Superbrothers - Sword & Sworcery EP
176CD7CAC22E324D78AEB98DFE387F5C	Zen Bound 2
17B919A5CC5E98FFC46AF29DAA7181FF	Aces of the Luftwaffe - Squadron
17EA9F876F7CEAC7C8C192CA9080D7BC	1917 - The Alien Invasion DX
17F7D349D6A1508C316B144FC19A67A7	Lumo
17FE4018EC238B3513204E9B6527C02F	Sling Ming
1806264695E7FEF379914F3A2477F8B4	Crush Your Enemies!
18318ABE4BA54A3980F4BC03B9BA55CE	Game Dev Story
1831B67D8732B3F246112451C6A6C68F	SEGA AGES Phantasy Star
1850B5D674B98147F1AD7C6693369685	Resident Evil Revelations 2
1856AB15ADC13F810B663D6686C1AD0C	Zombie Panic in Wonderland DX
186AABD6C7206C730795398604AB0B79	Arcade Archives ALPHA MISSION
186E0D633FEF9341B170ED072AC5ED94	Hello Neighbor
1871F3F7CFB4FFE77E08EFE27688D541	海のカケラ
187ED324544449C69A1165CAD1B7570E	ACA NEOGEO FATAL FURY 2
1899B5150C59537F75C10894C3BD85A7	Shikhondo - Soul Eater
189DE66892327019E4A42CFE8BEE56BD	Azure Reflections
18AE4768028C80AF4CF0D3FF3F83D398	DragoDino
18CC4146689A96F93030BEF86994D245	Lost in Harmony
18EDB2B9B24AD00C37229409980D3395	Outlast - Bundle of Terror
190F29081DF3CCE5973B3817DBD1589D	Stikbold! A Dodgeball Adventure DELUXE
191C20337883858067A130FCA4076A04	Figment
193E1B4AB1182C5443C10EEC28B7B395	Vroom in the night sky
19556A307B317F01D8EFF8A00F3DFABA	Victor Vran Overkill Edition
1961251BF284D683AD59EF1E085EAFEE	ACA NEOGEO THE SUPER SPY
19618179DF7AC4EF58314BD75E885E90	Bouncy Bob
1987C9C3275CF7296CA558F6DE0457C3	ACA NEOGEO LEAGUE BOWLING
19AF446E6F69852789077C49EB50047E	ACA NEOGEO BASEBALL STARS 2
19BBFF03D8CEB6D0CA13B29D53D92453	プランテラ ガーデンライフ DXエディション 体験版
19D641CA8779F5C0D34751C4813FA57A	Storm Boy
19E5D87E743392DFEC30E24CB136DE8C	Bloons TD 5
19EAE84093DCA4C5BB694992D1D0686D	ダイダロス：ジ・アウェイクニング・オブ・ゴールデンジャズ
1A08AD775E179E2CF5E1F9F65A9FBDB6	Stellar Interface
1A1C18722122C3CB7FC90CD6FA9742BD	Suicide Guy
1A31EB5F028AFB38BA5A0997CDB2D7C2	Velocity2X
1A5F7AAF45E3DD64BDCDAFDB1777732A	ACA NEOGEO ART OF FIGHTING
1A7F4112D15CCB1379FCFE67BB55C8FE	スクウェアボーイ リベンジファイト
1A9555EC240C009E3DD55A89CF48CB89	Voxel Sword
1AAFE12FC4DA32AA90B2C527DF73B08B	VOEZ 体験版
1AB12ECF1CFE6746D435AAEE7EFA2216	My Brother Rabbit
1AB5C4526B23DCE97AB7A7751ECBBD28	Waking Violet
1ACDE027696310BC859AC0BCCEDDD360	Syberia 1 & 2
1AE1649775944F498FF4648CB082978C	東方計劃 不可思議的幻想鄉 TOD -RELOADED- Asia All-in-One Edition
1AE4D530A45C7C9ED0BC80921A86EF95	Panty Party
1AED3F9CF3F5E1A10E350221A6DBD9B5	DETECTIVE SABURO JINGUJI - PRISM OF EYES
1B12A93872DF4DB3524299ACFB586A4F	Youtubers Life OMG Edition
1B462B597344E334A916B3D43F105DE4	RICO
1B4AAF03562B900E394BB12F9B197FF5	METAGAL
1B7686315C6209EBBD25E3E11E89316C	The Binding of Isaac - Afterbirth+
1B8583010D313B00328F8D06C12D98BB	Super Ping Pong Trick Shot
1B870E5879A66E74173AEBCF1A59723C	GoNNER
1BD4F8CE109F7773B68FA63841145C28	NORTH
1BECB7B792DB404336CD912AE72EB3AD	Draw a Stickman - EPIC 2
1C2A3E293842562AF12D9CDE40615E70	戦場のヴァルキュリア for Nintendo Switch
1C4148D5C5E8ED505906758CBA9013C4	ファーミングシミュレーター Nintendo Switch Edition
1C5BA31DB3C1CDF00288A8A72C1A344E	ルルアのアトリエ ～アーランドの錬金術士４～
1C682603DFC2B1F686C642B07403FCC3	Neo ATLAS 1469
1C6E75942C922F6C56C77598A64E2D04	くにおくん ザ・ワールド クラシックスコレクション
1C8ED745236AABB0EA3585255722FFEE	Degrees of Separation
1CA528593A9112595542B3E5B78510B0	MIGHTY GUNVOLT BURST
1CB51B43FC8A562A1E60F5C7E82679AD	GensokyoDefenders
1CC3304E7F1DB4DC19A25F507C7DF490	MXGP3 - The Official Motocross Videogame
1CE4003E3FAD8FD5176750FF17B6EE11	7 Billion Humans
1CE4DF88C91111E31E01836E8F82C98F	The VideoKid
1CE7B0067E4ECC7640A3EE1BDB345FAF	Moero Chronicle Hyper
1CED1B76CE76DB49E48C6F360E022485	Pode
1CFA4F0AFF14019A30AD91A509EF4A14	LEGO Worlds
1CFF8F4F1384E32738BE6DAB94EC16D8	James Pond - Codename Robocod
1D536138E79AA17C0F0E1794FE2E53E9	CastleStorm
1D5B051E3EBE5284C18E60091B5079A1	Kentucky Robo Chicken
1D6C645416BBB12F05AE1B27B80FC5F1	Ninja Striker!
1E03123081DF46CF484713482DF8A027	TurtlePop - Journey to Freedom
1E1800B8D04F999C436DDFE2B8CD0B81	Dark Souls - Remastered
1E21D3BD09E2F3217BA96835CAC12F59	FullBlast
1E297A727CD664005026AA8D66AFBE1E	Pirate Pop Plus
1E36E1E3DBB66452BC8501BD821D91D9	Gekido Kintaro's Revenge
1E3C1C505542DEC6A062ED78A1BA93A6	ビリオンロード
1E416003E8D82D42DB8ED6ABCE2CD05C	Iro Hero
1E777F45D84E62687A707A2E6BFA981B	Crystal Crisis
1E9175739094EA812C0BB94786A49E66	SUPERBEAT XONiC EX
1E95E5926F1CB99A87326D927F27B47E	System
1E986BB24FF2BF4E79161F51B4808BAC	Cities - Skylines - Nintendo Switch Edition
1EB82633F9C7BDC1B178DCD09352DD9B	Super Mario Odyssey Demo for KIOSK
1EF4E2B5E9683EAAB935AE64491CD5FC	EVE burst error R （イヴ バーストエラー アール）
1F0C37C3E581B35004E66EF94F30216F	Harvest Moon - Light of Hope Special Edition
1F22D4CDDA1CEC159BF05622FEC88CA6	Super Rock Blasters!
1F25C799E8673367EDDB58515E3157D8	빅터 브란 오버킬 에디션 (Victor Vran Overkill Edition)
1F8B929C5BCDB1FA9E77640A402EF6E7	遊んで囲碁が強くなる！ 銀星囲碁DX
1F8DC8C34D6FC983A535AF3738445BAA	Schlag den Star - Das Spiel
1FB67B8DEA8849082FAFC27F3C1EF887	机でボウリング
1FC4DA7E28284E70EB0225F90A976488	Element
1FCF0A7AF7CCCB88BADEE5B2CDE5F143	NBA Playgrounds
1FD5480F6ACE0EB9F77126563292DD36	UNBOX - Newbie's Adventure
1FDF0FE6934F42DC1DAF030FE2E5B436	三國志13 with パワーアップキット
203B3BEAD3B399436903B2A863393052	SONIC FORCES Digital Bonus Edition
2041641CAA143C2FC13F2096B55851EF	名探偵コナン スケボーラン 怪盗キッドと神秘の秘宝
20915597E748E1AC1E7D72F12ACA6434	Bot Vice
20A523D1665010871A3DA4BA27F7B369	League of Evil
20E49DA878A0571962F563B61EBC56CA	Strike Suit Zero - Director's Cut
20F6C53241C7A110430B48C3FFDF8D0C	GRIP
21046418D5BF53E3E0333DAB7575A785	Fire Emblem Warriors Demo for KIOSK
210BD7B645AF1D6DC1D497E9525121EC	Color Zen
213B1F0520FC6D1CF5FB076413E4D508	Madorica Real Estate
21A6965AD73BCD113C784631F7BB6BEF	Haunted Dungeons：Hyakki Castle
21BC15A44280FC3D9F8D37B1B0C8A24C	Almost There - The Platformer
21DC55627B27A96C21194D6DBFB527E4	The Charming Empire
21DC639B7DD2B0830E8CD590407C61A6	SEGA AGES Alex Kidd in Miracle World
222F5E87F32D74F56BBB8E4A25080EC5	Bring Them Home
2262FEF42D66F7291F98BF381C2CF619	OCTOPATH TRAVELER Prologue Demo
227551063F24E18B0BA4F2CC777CB0B0	Awesome Pea
22A4BDEA5363AAA24F931D5AF2926082	Hollow Knight
22B55ECD4E1A2F9E21FEEB2DD7BB1241	Masters of Anima
22BF473328E46D32FFADAD5BE574F716	Black Hole
22D41EFB0E636FB5EDC745BF5B87D07A	Arcade Archives Renegade
22E0E88B74D8A2397720CECDC13FFFB4	Hyper Sentinel
22E93B9D28860CF3EDC6A0CFB7FEDC1B	Johnny Turbo's Arcade - Heavy Burger
2343CD64577EE90EBCEE82E0CE8DEBBB	Touhou Genso Wanderer Reloaded
234D427A6DC6030F7F3726420CAA7894	Toki Tori（トキ・トリ）
234EBA6679D190469BD59C0C8E34DAC1	This War of Mine - Complete Edition
235A9789D3B2754BECF3E0CD8F5D9C67	ワールドエンド・シンドローム
23739E5BA5444CED5B1958D3557B708F	State of Anarchy - Master of Mayhem
239AC7C54FE1E061AE9E0C07742EB0C4	Yuso
23A6B5C3A1B8F8267A0DC91495AC1101	Asterix & Obelix XXL 2
23BA760C531F08C470DD81E03A84F93C	Deru - The Art of Cooperation
23C8C1366F9A2FCCE85255D7889D3412	TumbleSeed
23D6693FDE2AF91858549830DE1F6FF7	Dreamwalker
2428A6C9769590136A967E5C02F30BF5	20XX
244AAB70E42796954316AABC5219B101	INSIDE
245AF5B6F2D27803F3CC1334929BAD32	ACA NEOGEO ZED BLADE
246D1AAD8F48D34384AEF40BDA6B27A9	Arcade Archives City CONNECTION
248793A8C8C1A900B5607BF0C4F2FAEB	Gigantic Army
249EEDDA22B785D98420B68B5F5E4E55	InkSplosion
24CB6817053981A338791578AE98CEDE	真・三國無双７ Empires
24E792EF03FBE8939A573E9A672BBAC1	Slice, Dice & Rice
251635AC4D0B47D85DBECD1AAA4A3967	ブロック ビルダー SP
251B606CAAE97CD7BB1849E9DAD12C82	RAYMAN LEGENDS - DEFINITIVE EDITION
2522CBDC179FA6A4BD1AA47D57276E6C	The Lost Light of Sisu
254B94DC746B558E6862DD3E6002A18E	D/Generation
255E5F284CEAE2A9DBA38ACCA37703AA	Golf Peaks
256AB0A1FF2B5824C5420994231869F2	Night in the Woods
2598B8580156D1267988CF84B84489A8	Escape Game - Aloha
25A3BB4DBF243A95E54BF8E131AA488D	LEGO CITY Undercover
25B77E52575617C0C2E4A4E0A346538C	Shantae - Half- Genie Hero Ultimate Edition
25B86DE5F7A1420823A81CC4C33C42CC	Super Destronaut DX
25F6496E5201FBE8739B846517C984FD	Knight Terrors
261ABACD175F2210440740BA84CF56A6	Another World
2634564B5BB4F13ADE2FEAD376F38E43	Pipe Push Paradise
2654BF2A0EF6C979FFE905DCD6C338AB	Dungeon Village
265D5DF8850C43E78FF6B102D94ED5F6	Spencer
269EABE016676C51319641FF7EC1E4CD	Wolfenstein II - The New Colossus
269EB843680E67E78CA2C2877EBEB28F	De Mambo
26BFE7BC7EF6DF785FDCC70FD6157455	Transcripted
26E3C1128E5D6B6CEF5EEC9CC6E1D59D	KORG Gadget for Nintendo Switch
271EEDE84E12CE6AD381282B77C5A570	Aperion Cyberstorm
278A14AAB4FE4F30801661B3234A5E76	Runner3
27B0F81319945CC65D0A6D600A149F33	スーパーロボット大戦Ｔ プレミアムアニメソング＆サウンドエディション
27B3B48E16387C34BDEF7BEDAE7727BA	Titan Quest
27B43DBE1CF53CADD3897FC3CD79185F	Puyo Puyo Tetris Demo
2802A8A613299BBCD5F01A2ECA4834DA	Tiny Barbarian DX
280A77CE9F4DD07E0BAD5E69EB98E2B4	Shu
282507AD986460508DE313137DBD5495	Animal Super Squad
282746C678BEB4C1C09681EFE1846494	oOo - Ascension
2831899D0753852194C3A1D21DE8A3F9	Letter Quest Remastered
2848A4FA1F611AB5058C9A3859FBC2DF	ジュラシック ピンボール
288D4F12E4336AC6C585EEA66726C731	√Letter ルートレター Last Answer
28C398FD571C41447BFB943A66E4DF1C	シャイニング・レゾナンス リフレイン
28D351544DC829EEBE54E53AF29EB030	PAN-PAN A tiny big adventure
28E922A8ED8347B4805A72FDA43BFD08	The Low Road
28F0B8346549AD655A3E93BF0722D704	Crossing Souls
291D19425686BB47D876442D98C79B89	World End Syndrome
291F8A44D0318835B09A30B3A1A99B6A	ACA NEOGEO METAL SLUG 3
292C9FC955ED31C97B5A5F40C7DB2F36	Loot Monkey - Bling Palace
294FFFA270DDFE8B7029C9F6CA391710	R.B.I. Baseball 19
295969255DD1CA9CF2F0170A5D6CE96D	Banner Saga 3
29DAC76F23A7892B4AE05C9C1BC67E22	Castlevania Anniversary Collection
29E3E2C3CCDD19196472BF1835F8CB5E	God Wars The Complete Legend
2A1445E3468DF458DFB7DC2E586ADDE8	No Heroes Here
2A2CE6B562081D40487406FA50973309	Wild Guns Reloaded
2A3B8CE8ED286D7D3EFF91630D2D60D0	Pixel Action Heroes
2A68DDED9A667CA859FEF6A7A293271C	FLIP OVER FROG
2A882A3F7494E1C9243D80E744EBD318	BRAWL
2A9BF552D6ADE7D3A91E8031D62927C4	One More Dungeon
2AB0DE63EA9BF3528A7168AF61362C13	アーケードクラシックス アニバーサリーコレクション
2AB32BEA25B387FF773916CF9093D40B	FutureGrind
2AE606B8659FEA852E0ED6470C9814D9	Monster Hunter Generations Ultimate
2B1F1288BC05B2D89D8431910DBA2878	1-2-Switch
2B1FE5E09EE42EE27EA1F0F8B64FEF40	SKYLANDERS IMAGINATORS
2B2343E262455CC14844F883745BC42B	Soccer Slammers
2B3AE636B72ACB6E7DF63C1CFC4B893E	Hungry Shark World
2B49D345A40634C8DCA18FCC5864269A	Party Planet
2B677AD1417EA57769FD84CEC731CD3A	Feral Fury
2B7045EE94F556A84A8CFCE7CAD0B301	ACA NEOGEO FATAL FURY SPECIAL
2B78E9E7518C40BD2F1D7848FCEC0A08	Let's Sing 2018
2B91FA95613233B734304D0E152343BC	bloxiq
2BAC5EDF80DDF3AAA7E14BDCC0E34650	Poi - Explorer Edition
2C11DA6F8DB14C10E4B5B37196CF89B0	ツインロボット DX
2C7B1D89CC7D30E75DD69E912FA5286E	Holy Potatoes! We're In Space?!
2C912087C21A306D0534D160A0A1CC50	Yono and the Celestial Elephants
2C988225F68F3B58042B0A25B432B696	Neonwall
2CC6AAC28A644E29920C312235FF6423	EXTREME POKER
2CC8B772AF83B29364B7B4AD907F1F51	FINAL FANTASY XV POCKET EDITION HD
2CCECE5126C34B3BA9045FCE9120331A	Kingmaker - Rise to the Throne
2CD4F2C01D6DB2976A298A4A5CA931F6	Marble Power Blast
2CDA2E995131D538A81EE0EF7F202947	荒野之槍 重裝上陣
2CE20541BB4312509FC265FB539AF76A	Packet Queen #
2CF811F160DDC01C8F25527D5FEEEBA5	Coffin Dodgers
2D669697393B5F9C77DC44EAF2CFFE9B	Guilty Gear
2DB1BD792BCB942FF7FFE24750481E3C	ACA NEOGEO BURNING FIGHT
2DBD54922369912E39FD7548A53885C5	Blade Strangers
2DEE362E5773CFC07C82E8F7FF5DDBE7	Double Dragon 4
2E02EE9F916C93AD50A4688EB752C695	Arcade Archives 10-Yard Fight
2E3710C90B91FD79434240542061F9A8	キューブクリエイターX
2EB60AE368C5D57E5E11261647E41D00	The Adventures of Elena Temple
2EC14E01DAA280E5A2B7C4BA9BF1289D	Mini Metro
2EE4A4D313E0CFD5A7E6E797B2F8F48A	The Darkside Detective
2EFFE6DF446C68650B6DA986EBA45842	スターリンク バトル・フォー・アトラス - スタンダードエディション
2F0E60A3C78AC3879A45700432908CF5	Fimbul
2F7C6EC5B3EF50082696B50B5C484D9A	Heroki
2F8B19187D2C1DC56C0590369BF5F0B7	Xenon Racer
2F906C3EAB20E0140D7D1727DB19E99C	Toki Tori 2+（トキ・トリ 2+）
2F9157774438FB068E2BBAF32EC1C247	Red Game Without a Great Name
2FA833D87136EF44F67759DE68E35DCC	信長の野望･大志
2FCE4DD7A25548D6FCB6614A119D7D99	STEINS;GATE ELITE
2FD687E865A376942C33FD9F794E9ACA	1979 Revolution - Black Friday
2FF2ECD3DBCD8F1B42E9361E6B9E85AB	モンスターハンターダブルクロス Nintendo Switch Ver. 体験版
302BBC891C5C89BD0B8EBA6E29E97985	Piczle Lines DX
30911BF2AD142167B14E95C98FE1F656	Conga Master Party!
309F87776BA6404FBC979446441741F0	死亡細胞 (Dead Cells)
30D8D523C844D99A6DF469FD60DB1953	世界一長い５分間
30F90C7FC9CB6AC7C2F59753F9A50319	Immortal Redneck
30FA6A87F52B55C1BA739557243BF6BC	Super One More Jump
3106C23AE9CA86B5FA5FAC2DA87CF804	Neon Chrome
312DDF7FFC09310E0A2C2B142203C10E	Grand Prix Rock 'N Racing
313AE47A1CE9EBA41C65D6BD9020EE35	太鼓の達人 Nintendo Switchば～じょん！
31455903DE0E0A5ABE091777418BCE79	Hover
316BFA7ADD8FAD56FD16235AEE761C70	Rain World
317130DD6B60EAF0CF54A893A3EB98A4	Tiny Hands Adventure
3176700680CC198E88A28B16BEFE4F39	STRIKERS1945 Ⅱ for Nintendo Switch
318B729E6E2279B1547ACCD63E6F2063	Beholder - Complete Edition
31A0A8EC4AB71300E4DFBD0D3931C2DE	ACA NEOGEO SAMURAI SHODOWN V SPECIAL
31EAEDFA4022851AD9616CCE8E313CB4	Rock'N Racing Off Road DX
31EBB0E22AE0EC903211F97EAAB6C8BF	This Is the Police
31F172BE4E5B4019E6EA104EC3E67FD6	Gone Home
3217A36A0A7E35F7576103AD366EECE5	My Little Riding Champion
3236F80024D99765AF4B12EFD4B3477F	The Binding of Isaac - Afterbirth+ (retail only)
326CC8C891D55AFD796BC509174BE94E	Gelly Break
32A75099F145AFEC7BF372CBF75613C2	SUPER DRAGON BALL HEROES WORLD MISSION - Launch Edition
32B82326621B2EF82002A9A38045E5EF	Voxel Shot for Nintendo Switch（ボクセルショット）
32DCC16A9522010C678790FFCA00ACC5	マリオ＋ラビッツ キングダムバトル
33280E6D3C65F5BCD3DD4255D7A890D3	ACA NEOGEO KING OF THE MONSTERS 2
335CDC90218B33927BDB185464E7A415	The Jackbox Party Pack
3367B203FB14D6E08046C1A7B9564D1A	ガンズゴア＆カノーリ
3369CF98629E754A0D19FCD20B15AB4C	Red's Kingdom
3390A3F6BEC9514EA944171DFABE9119	ワンピース 海賊無双３ デラックスエディション
33ADB83D0EBA2D67E279ACC4444A4FCD	魔界戦記ディスガイア Refine
33B359116B22F86755D20451E0AB5A74	Little Dragons Café
33CA4893E85801D7ECA7607EE7B72BA3	Hello Kitty Kruisers With Sanrio Friends
33D676D495348D5B238AF2D0802BF459	InkyPen
33DC7891F368381DE492BD022098680A	薄桜鬼 真改 風華伝 for Nintendo Switch
344087EC97FF87715D5ADC86198B4BF9	12 Labours of Hercules
3470333991E3FFA0FD892CCDF468E846	Hunter's Legacy - Purrfect Edition
34810733B9A0D51B3627F8CD84EC366F	Art of Balance
34AA407B2A4D3F234171C5FE7DA3C5C2	Three Fourths Home - Extended Edition
34BE7F858569A3D976297890665DEB4D	ACA NEOGEO WORLD HEROES 2
34C34502B9CBE8CAC81A0D3BF1B3D5D4	Violett
34CDD9709E4C1025C0FE213698D7C7AA	Bendy and the Ink Machine
34DEBCA993F2E30665BB616075CBA66B	Gotcha Racing 2nd
35383B248B62C15FFD97D171C5A7E10D	Shadowgate
355122AD8B30B5F571BB8761E9CE3167	ACA NEOGEO POWER SPIKES II
35759DACA0376F854E6178004E2D41F4	Neverout
35998DE4559BA66E59604FD1DD19D8CD	ウルトラストリートファイターII ザ・ファイナルチャレンジャーズ
35A0D2DEFB35B9A03E908AA9D920138B	Atelier Lulua - The Scion of Arland
35A21D8BC8CD9ED477101B896996BA2C	アサシン クリード オデッセイ クラウドバージョン
35A702C5037808C88DAF4E344ABF876D	DragonFangZ - The Rose & Dungeon of Time
35A86FE2100C4D766FFD332168009090	Digerati Indie Bundle - INK & Hacky Zack
35EEAC57C8A7A79C8B585FBE0502DBF2	ACA NEOGEO NAM-1975
361D1556BFB3B246F2E0924FFB33D08E	Nippon Marathon
362274CF3F9FEC6F705A3692C0BDC543	ESCAPE TRICK - 35 Fateful Enigmas
362804C5CB4D6D3CDF555DF5387AE08C	Shakedown - Hawaii
362BF55C88952E66CE7236D9A652D2B8	バトルスポーツ めく〜る
3631450BBEBAE4B442AAA2035EDD47BF	Tied Together
36617813363AE7F7D569C058FCD714F6	COVEN AND LABYRINTH OF REFRAIN (TC Ver.) (TC)
3688F589B8A08E6FD4D4672CBD2E4F0C	Lifeless Planet - Premiere Edition
36FF97E0453F33790CE446531C2A8C70	Nickelodeon Kart Racers
372BD77417B847E4D7050826C7C9B60F	Battle Chasers - Nightwar
3736C0E41A34C34F0D7A6F733EFE2857	Red Hot Ricochet
3753B4AD285B1BB6186A94C382B42881	Bomb Chicken
37D8A9167AC6260332379F66C75398CE	I and Me
37FFC8434053B5BB7E394A70D79D5EFF	Perfect Angle
3818AF90B60DD3194A63102CCA808EAF	ドラゴンクエストヒーローズI・II for Nintendo Switch 体験版
38236DD6F3CF1F60A8998C836EE22216	LUMINES REMASTERED
38E0EA77F901350756F8CFA6384555C7	ポータルナイツ 体験版
38E57F53F5CEBA0BB333CA62B86001C1	Sumer
38E75C134111A1455F46EC26DBE02CB6	The Jackbox Party Pack 3
38E9C5851D9D6CB20CA9EAE075ACCE4F	Pool Panic
3900D9D5197BADCB4987D8CE260E74FF	Monster Jam - Crush It!
39044917CFF4239A6A8855A4FBFD24A3	Bayonetta
3911AABD8C4591D0A7B4E75FA8134640	The Next Penelope
3942495AEF2A357EE7A7945F194B1355	Enigmatis 2 - The Mists of Ravenwood
394E67B38C76D9F5011244C182035222	YIIK - A Postmodern RPG
3953970872A7A46499F7BE6FE1EB6EAF	魔界戰記DISGAEA Refine
395AEBB72662D6FE9351DB2F2C36ACDE	Circle of Sumo
396EA8E85BA0154C84BA422BBF557A31	Steredenn - Binary Stars
397A963DA4660090D65D330174AC6B04	Splatoon 2
397E926E404E20DA88FBBB5C4694B75A	Mutant Football League - Dynasty Edition
399AAF68380A5FC78BB6481E5DAF4505	FANTASY HERO ～unsigned legacy～
399B99E0372A69EBBD8B3AA0E360BD15	斑鳩 IKARUGA
39A29055D524C2E2AC43C4604CFA652A	GetAmped Mobile
39C0437764E30AE63603C1AEEBA78EB4	Kunio-kun - The World Classics Collection
39CE5E2B99D9944976D08FF7BF45240F	Octahedron - Transfixed Edition
39D29C8CA48151DFC2610042158503F2	Bastion
39DE79BDFCA7E7DC3D277900FB572235	Manual Samuel
39F3591C09C04043A43EBEFC8AB90668	ノーヒーローズ・ヒア
39FB31D2742F399E6D759BD2333EF2E2	Blaster Master Zero 2
3A2955F9D12BBF56D01A07205E7F1E1D	Dead Cells
3A59569DEFA85740915E6B3E487A8491	スーパーロボット大戦T
3A7B4BDE7A26E578B4D179ED33545794	シークレットゲーム KILLER QUEEN for Nintendo Switch
3A840D03E2FA7C2ADACFF65919248FC7	SNK HEROINES Tag Team Frenzy
3A9E084EEE6A3B56F9FA834FDF3CA0C8	ATOMINE
3A9F1635922D9A861F75F65AEE94AAE0	本格AI搭載 大富豪
3AB4B8EB7BBE8B646D64F058B67188C9	Moto Racer 4
3AC269CEDFDEFDB0851F7619B3AC5C9A	Antiquia Lost
3AC56926DE8BF843055FDBA88B8EC6E5	Devious Dungeon
3AD281EA44043EA3644CAA002020126B	Beat Rush
3ADF566D270D92B3B79BC906B6EC6E60	ドラゴンクエストⅩ ベータテスト版
3AEA113329E004D5809FC00C78D40191	マドリスＲ
3AF78D9FDABF98DD7FDAED3BF00614CF	ぺんぎんくんギラギラWARS
3B2FFF14D38924C172F2922D911043C0	ASSAULT GUNNERS HD EDITION
3B527963A4E21EDEF87C54FA5600E205	Kero Blaster
3B6353C42CD94059ECA0219BDC378BA4	Bass Pro Shops - The Strike - Championship Edition
3B72BC76FBDB4985F4BF19A275034B5A	Super Tennis Blast
3B8C834E3D68EB57C34D0DA0B88E4B3B	Warframe
3B9BD0DEC64556B2F05558741F539587	ネオンロード
3BA7E802793B729B7B0D2EAE55509B45	In Between
3BC0E7D4938A521EADD6F5011214D186	BLAZBLUE CROSS TAG BATTLE
3BCE09CBDF75201DE90C3F6F163732B4	39 Days to Mars
3BD146D22546AA624AE59726C188A274	Wolfenstein II - The New Colossus - Deutschsprachige Version
3BE52CBB2C0B225168723895C1D1525E	Fire Emblem Warriors
3BF628D0517C6BA3B0FB9AEBA23B9200	Rapala Fishing Pro Series
3C15B8B5FCFF64D185612CFC684FD589	OKAMI HD
3C163BCD1DF2E9BCF3B008BEC92BE84D	Eternal Edge
3C27600F0F75FB4CF844603C2F819B09	Warp Shift
3C4F9A289D4B4773309CEFC71C9366BE	ACA NEOGEO CROSSED SWORDS
3C8D3ADCD98AB756D2BADDFFEF9F9F76	Woodle Tree Adventures Deluxe
3C95F7711A3BA215745AA461E7071217	Western 1849 Reloaded
3CA3F7DB375BA8E9F812ACB794AED060	ナナミと一緒に学ぼ！ TOEIC(R) LISTENING AND READING TEST 完全マスター
3CAFDBBD39BDFB70B5E99A21E7713A84	ゴルフストーリー
3CB55EE215BEA02B113D3BFB17EF3DBA	Dragon Blaze for Nintendo Switch
3D0541AD68D2C468E23F124EB7FE308F	WILL - A Wonderful World
3D1B0D2DB77A34561872246EC9C9F25A	Party Arcade
3D350DC692AD3AFE8F3D04A5A8263563	Super Rocket Shootout
3D3D2482C14BE751424685A3B6256E4F	Blade Strangers
3D69A7ED02A1FF371048829E22A49194	Diablo III - Eternal Collection
3D79E876D9A2FB75A3C704EEE927AC09	Ultimate Runner
3D8E1DE4D671F7453AFA0C395B825E90	Crash Bandicoot N. Sane Trilogy
3D95312F1F18EDF7D479862546A25CD4	Sally's Law
3DBF28560A4D2D60B323AA230D7DFCE1	Chicken Range
3DDFFF4A54F4798D3EA181468876B77A	Valthirian Arc - Hero School Story
3DF4C594F218A041CE7879A2F9641518	Atelier Rorona ~The Alchemist of Arland~ DX
3E51C50368C831365390D309D8147731	Project Nimbus - Complete Edition
3E83999CFE72273C52897E706E694A54	Ape Out
3E98394F48F9D7D6B22DE3FE9496AEA5	Shining Resonance Refrain
3EA53FC2C727381E1A415B45E009EA3E	Fate/EXTELLA LINK
3EB0DBE423A56288F7BB4A001685F605	You Died but a Necromancer revived you
3EC2A6BFDBCC3AD65FE1EF7472056168	I, Zombie
3F14A26E8513E6CB8F1AF7C2E2162A6D	チキチキBOXYRACERS（チキチキボクシーレーサーズ）
3F21D980C621258BA671BB49904DEACD	ノラと皇女と野良猫ハート2
3F437410C8A3DB01C098954C1571EFA2	Chiki-Chiki Boxy Racers
3F83921E0D738375EAA8A0FBB8F6FD3C	Zotrix - Solar Division
3F8B04D545D758E79CDB5515AA32F095	Old School Racer 2
3FCF3AE881C2D0DF1AE5BBD5D53E76A2	Kona
3FE8194C0D4BCA5599A8115754876C58	Bass Pro Shops - The Strike - Championship Edition
3FEA393E69F2537004529969369779F0	アガルタ エス
3FEBE96CC885D30D2DC8AF2483EB7539	Doughlings - Arcade
4012F81C53746168439EB1BDD7F12144	Wonder Boy - The Dragon's Trap
402A56BDF607C833FF6012972D53E5DD	Son of a Witch
402E13E381A694C617B1B318A1662CE4	Ninja Shodown
40407D5207917C02375EAE62A4EE13C8	Earthworms
405B644C6E11CFA5D101FD3F33744FE6	シェルター ジェネレーション
408E985297487EAAADA9216CAE44EF38	バトルプリンセス マデリーン
4099026A625775F2C30C1C596ECE78F6	Cosmic Star Heroine
40B16339AE70706E2E6B6A53ACE91C02	Brawlout
40BEE52CACB36787A5779020D0BB4ACB	Megaton Rainfall
40CB899301E752D7DCAB6D28C2D4F07E	Invisiballs
40E06CD7167A6EF5742F08F9E8D2B84E	Fallout Shelter
411259797D64DCD4B083A3B17DE7EE6C	Jumping Joe & Friends
411DDB1D4AF251569DFB4018C3679298	Desert Child
412E0591DD033E78737A4B6DC2C70E50	ARMS Global Testpunch
413E5450DA55942968F125437B4D13F5	返校 -Detention-
41461CB09229C779F70FB0B4021BC077	Harvest Moon - Light of Hope Special Edition
416458ABB7C422D02FAD0558D7B30E22	Legendary Fishing
4179D753AD1F32F5D382F699F30B0660	テスラグラッド
41A29991E8A68B5EC946C0BD5D526513	Fate/EXTELLA LINK
41A2B0CE9269B6B40AD1B0B6BC923DDF	LEGO Marvel Super Heroes 2
41B851CDFE8C9891EC65D70055A6337F	Apocalipsis Wormwood Edition
41CC246A0F1E75122B8807752688D39C	ブリキの騎士
41DF7A6E6397C53BFE455BFD094FABBC	Lightseekers
41E75AEC7E74EFAAEC3E284B0442621F	Splatoon 2 - Splatfest World Premiere
41F4347C8B88E1EC168430EA7BAEB915	Layers of Fear - Legacy
425F100AE1CC2BC7A564731CA01E2A74	SubaraCity
426A65782876AE165AADFD774893BC82	The Fall
42740EFD315B78039A63DDC02A8F60D1	JYDGE
42917E0751DECADB23052A2AABDCA004	Townsmen
42922099E97E637A8CC43556CC56F999	ママにゲーム隠された
43954B02D865E9392CA60FB1732207BD	Panda Hero
43A0AB2AC1C6AABAA5F5C370D4DE711B	Sleep Tight
43AD4439404B59F998C03D1EA6C4DAFC	Brawlout
43E3FF9D347B3F5C9DFBA5AF2AFA4B17	Calculation Castle - Greco's Ghostly Challenge "Addition"
43F2BEB9276E60FA7ABD41E1EBAA8893	Pub Encounter
44344062E4135AA81600B08B3DC4826C	The Lost Child
443B9C4F0B469B4F14132748CB781068	Johnny Turbo's Arcade - Sly Spy
446F4AADAB7D02A11AF2AF412F918307	Necrosphere Deluxe
447DE7509FFE8DC43F1AF258BDFDBB19	Super Dungeon Tactics
44AA9ED6107571F8F18E368D938554D7	デイグラシアの羅針盤
44BA5B244EB081946A0E13371170A372	Earth Atlantis
45069B180EA8F64E15AEB6980023EB59	Super Treasure Arena
451C19DA4C189891506FD8154DADC04C	マキナイツ -ブラッドバゴス-
4563CCE1B8B31459744437CB63760933	Outlast 2
456F2C9BE4E84FE854619AD59C5D00A2	Yonder - The Cloud Catcher Chronicles (Retail Only)
4572C7D58457648230DBB55104F7AC51	Timber Tennis - Versus
4586ECE0D4E095D3041117E90F92DF7D	Spintires - MudRunner - American Wilds
45994D9BACC95586D8ED7EACFB4EF7E3	OVERWHELM
45998392CB216ABF034EB6F98E399A06	Super Mario 3D All-Stars
45CB5DE2DF350964AD2646F85B73B8F2	ToeJam & Earl - Back in the Groove!
460584D31596349EE0BB199CDCC13CCA	EVERSPACE - Stellar Edition
46068696E73D11E1FA1D91E77A663E6D	Crashlands
461412FB8D2FB18B4709A3B05F51FC33	レミロア～少女と異世界と魔導書～
461B9694F00050E89F39B3B18F734186	ジャンナビ麻雀オンライン
462B04FD8D5282C15AD4E85DA2EBA92C	Arcade Archives Ninja-Kid
462F0A784E8C18DEC99267D9163A829E	Arcade Archives TIME PILOT
463C9DA3456CB06F891D460282D6F4AC	The Bridge
4652390AEB97A62D48C311E4D75C92EB	Guts & Glory
466683549EC0B90D20925E0594733A31	Snipperclips – Cut it out, together!
466B5BDBC8CAAC6D679B16794C9D1E3F	Little Inferno
46733497E5934ACBF6C5915175C90D89	Mortal Kombat 11
4685E715C5B15C56592E200308C94925	Saturday Morning RPG
46C3D3C6E28F34FFB475B0D8D8E6203E	GOD WARS 日本神話大戦
46E776183C008BEAB536731368520851	僕のヒーローアカデミア One's Justice
474CAD7E1734DD37389E1BFA0621ED31	SkyTime
47645B79AAC91BAA27FBE1B4F9080550	Where Are My Friends?
47A3F5DBA85AE03DF122DF7114CC1080	Swamp Defense 2
47C8643E4DF5ABD551562CFF250AE897	Morphite
47DFBA89583DEFA07878FCEAD3DEB20E	Beat Cop
47F935E3BA5765C1F67C66B97BD1C1E1	BLAZBLUE CROSS TAG BATTLE
47FB0A66AB4A6E3F70B63A73D2BAA207	ヒューマン フォール フラット
481BBF144A4A2E9A9623AD6C9E86E947	Professional Construction – The Simulation
486C9C787B8118F67318CE39B3E4C1CD	This Is the Police 2
48848312676589FAA5BE70C3F2C68596	The Banner Saga
48947828585A3E4C67FB40D5B9C89DA4	SilverStarChess
48A40001856B70BBD14C5436C3EA8BA1	サガ スカーレット グレイス 緋色の野望
48C9238267465134A7DC433601530433	Cendrillon palikA
48C960DA8079C045790FB86A8AF4B7BF	Bombing Busters
49218779C47E1CCE8196644C8210BA7B	The Mystery of the Hudson Case
4939134C79CB53CD24A60D8CEB3FDB3A	Monkey King - Master of the Clouds
4947BC16E9EFC6B6E5686953E6F8B74C	Runbow - Deluxe Edition
49836475DFF857BC5E1BCF2F3B61D2DE	ぷよぷよテトリスＳ 体験版
498574723DB00D2CC27C8611B59817D0	ACA NEOGEO STREET HOOP
4999720822A80C91688960004945B11D	Morphies Law
49A32282970FD11F2E4EA15C6BE75B69	Life Goes On
49AE82A25512A4C6EAEB9D4CA5CEADFE	STRIKERS1945 for Nintendo Switch
49AF25600F13865DA57C738ED3065385	Ostwind - Das Spiel
49D9E32A3B8301CB29501405EF512597	Let's Sing 2019 mit deutschen Hits
49F3AB1FEC27E3CC1D94E9D4AD7DA138	Ultimate Chicken Horse
4A0905EBC935600C869393E1102796BF	LEGO DC Super-Villains
4A16ED429B791D46E9BC23BD3A679EC2	SKYHILL
4A1B5A3AF288537CEBE6559E7DFB000B	NBA Playgrounds - Enhanced Edition
4A3801857A3A7A0C5CF217BA8401299B	L.A.ノワール
4A53EE806C8C82AEB77CE3CE3DEC2353	Animated Jigsaws - Japanese Women
4A7973AF9B2B0A5C2D20CA295D3541D7	Shut Eye
4A880E56D7B6F78D89B075F10AB4CD21	ACA NEOGEO THE LAST BLADE
4AA18C3FD5EA7D251B68858A7890685F	みんなで空気読み。
4AB551719E383CD2FD5C0BEB35A7A3C6	ChromaGun
4AFF0A973EB56E0AEC0D70D29D5761F0	進化のひみつ
4B11145C8EC1A8E5FEC047427FF596CE	V-Rally 4
4B2E44BB5ECA5695E8CCC8DF9D275026	マンティス・バーン・レーシング
4B5043EE523155AC5650702603ADA36B	Black Paradox
4B5486B24682D794AF8CE9F1F1DF9A27	Just Dance 2018 Demo
4B633AEBF86BDFAB562F69F47EDA7627	Broken Sword 5 - the Serpent's Curse
4B696010929CF1B91F692244747EFAD6	ワールドサッカー ピンボール
4B93026549505151F598F4BF41575487	ACA NEOGEO NINJA COMBAT
4BC2F02E76575DC6B3B3714E8091A144	返校 -Detention-
4BC6E7D18DCB34C376A10F380F37E260	Runbow
4BDB10FE374B3226EB99004E71EE9ACB	Snow Battle Princess Sayuki
4C114FB0E197F189E7CF1FC81DE8E895	NEKOPARA Vol.2
4C4BBF0A9A2BF1122E5AF70A48372D65	Calculation Castle - Greco's Ghostly Challenge "Multiplication"
4C4DC7FBBC06B7755D55457148D995E9	Uurnog Uurnlimited
4CB8088BF9F615EEAD027D8EAC1C7C14	Quest of Dungeons
4CBEE39065EC88984BABA68A511DDD19	Xenoblade Chronicles 2 - Torna ~ The Golden Country
4CDEE5A17A605EB562C06C77999FEE03	レイジングループ
4CE65FFF21AF3EE8E560AF994825285D	NARUTO SHIPPUDEN - Ultimate Ninja STORM 3 Full Burst HD
4D29296B26AF57DB38565E6FFF8F528C	Puzzle Puppers
4D2D79D9052F2F9AC9ABE5CF9E70D463	EARTH WARS
4D37E8E895F61DAB62161ACC7942945A	MEMBRANE
4D589683A11058B0CCBD12EBD7C3515F	Farm Expert 2018 for Nintendo Switch
4D5A2A79927AEFDD7EBB9B111EF09EA1	SteamWorld Dig
4D6F343A5D45F8839ED0EBDDFB428EE5	Pic-a-Pix Deluxe
4D8CDCCC3F6896FCE1EB3E24E3EA58FE	Puzzle Adventure Blockle
4DD5F7ACEE94968F91FE1A619C3F0BD2	ディアブロ III エターナルコレクション
4DE5B0671C61AC739EA491A7D3A36B21	GRIDD - Retroenhanced
4E12CCF45BA8F0EF5ED7915E55D3494C	Rollin' Eggz
4E6C66682E39E5C903EE1B7BF5EDD5BE	VOEZ
4E8BABBCDAC8E99079F53D6B647786DF	ラングリッサーⅠ＆Ⅱ
4E907DCF84E5DDF3B0A7FD11ED956473	Koi DX
4EAEDDCE816268BBAB9248A46A78077E	デッドハウス 再生
4EB178B099D6844891DC1547758FA0CE	Smashing the Battle
4EBD015519178CCE78B40BB34B4A97AB	Yoku's Island Express
4EF3709A7498E2D320269AF9D5BC3997	Road Redemption
4EFFA08DBFD74F27E0CE48F80F7A3379	Blossom Tales - The Sleeping King
4F158A3EB1B1096ADC0F15C3BA56E947	Runbow - Deluxe Edition
4F2054A11ED65856A484581AF16F6710	Layers of Fear - Legacy (レイヤーズ・オブ・フィアー：レガシー)
4F26C43AFCA5C03EE5FA461A886D1153	Valkyria Chronicles 4 Demo
4F5CD254003EF343ACA7984248865313	The Trail - Frontier Challenge
4F75A86B9D4DDECD422C1D3E701775E0	グレコからの挑戦状！計算の城とオバケたち ひき算
4F93196BA90DBC9689C05C1D6EB55594	EXORDER
4F97655B086C1781DADFD95724095F06	Max - The Curse of Brotherhood (retail only)
4F99116B64C60443A967DFD7A6186C36	Sword of the Guardian
4FDC944D5F8E5208889462467161D8B1	Splasher
4FEB09B77C99FF08D58CF3C2ACCEF3DE	The Caligula Effect - Overdose
4FEDB8D0558A21C35C7EAFFA4DDB47C6	A Case of Distrust
4FF5C4133D49FE21175BC0CE4CE950B8	Qbik
4FF72BCCF15BEB3C5A99AC0FFAD05BF5	BLAZBLUE CENTRALFICTION Special Edition
50046B061E925AC45FD992D4206ABCFD	ご当地鉄道 for Nintendo Switch !!
5008355648DEE0C16AF806636A386B67	めんトリパズル
503A27156AD8EEABAACAA6B466CF5E94	Hellmut - The Badass from Hell
503D8D63FFD7FFE27A3042F5A80756AA	Vaccine
50AD6EC51521C161E9F33DA7BC5D7E17	RXN -Raijin-
516F13EE2A568E232C591EC26DB3891A	ファントムキャット スーパーニャーエディション
5175A9E8354E328724729A6641D0F22F	ARMS
519B1DAF858F1610AB1B08AEC4234E8B	ACA NEOGEO SAMURAI SHODOWN V
51D5991F96001F27928C8774DF83B6ED	BAFL - Brakes Are For Losers
51E77033B66C8789C45FC05BC658D697	プラチナ・トレイン～日本縦断てつどうの旅～
520631B1BD5DD5C1E6AD951FF158A292	プリンセスは金の亡者
520F667696B28F49C376AFA89887F5FF	South Park - The Stick Of Truth
521F35B14D61B10C2F76FC3F3485F15C	Hacky Zack
5230C2D779A993105B67E8EAAAD08C47	グレコからの挑戦状！計算の城とオバケたち たし算
5231726F089D9E3CF4B271F54AE199AC	Mega Man Legacy Collection
5232986C9504A707F17F96788B3C7EF8	Castle of Heart
5267150A70F3D3209DAF4F042BBADFAE	izneo
528DF4A07796EB1D8CDF6A98C6D1EBEB	Sparkle Unleashed
52C46D01F00CD095B1AC33891F8D879C	SMITE
52CBCBAA3D3E7355D39F76358C363156	IRONCAST
530067909FDC14FC5B146A2E7D1BE61F	Danmaku Unlimited 3
5310A75890314E1C83A6E33900C17392	よるのないくに２ ～新月の花嫁～
5332A7145401882A79F0E40DDA883035	ドラゴンクエストビルダーズ アレフガルドを復活せよ 体験版
536FA84024912D15E76F7C18B2D851F4	Doom & Destiny
5372EC1208C66B8A9E768B072A589617	EARTHLOCK
5398BEAE7E9836CF06EA1A67532474CE	NARUTO－ナルト－ 疾風伝 ナルティメットストームトリロジー for Nintendo Switch
539D575B96E556159C3F4667D1100DDD	PICROSS S
539ECA0D5CBD5D8D009C1FA8B20287FC	Assault Android Cactus+
53A468E5F474BE6C6E7E72527B06AE5F	ACA NEOGEO THE ULTIMATE 11 - SNK FOOTBALL CHAMPIONSHIP
53D1FA4222D29F42FC5F7342EA0C3C80	Floor Kids
53D7839DD3D7DCE0942FDCFCC65B57C9	Earthlock
54F2B390308F6E596E871FDC3E85648E	MotoGP 18
550206D46D8C09A9B302808061BF78CB	Tennis World Tour
552353331B48AB6CE514D1402342184E	RiME
554C97481EFDFC30DCDF01FC5CC877A6	Snake Pass
55643C8858C17EB438CA3D5A730FD797	Speed Brawl
55A44B1355328AC901CA6766AD50123D	The Coma - Recut
55FDE507001CC9CD1928011218D20731	Anima - Gate of Memories
563896D2811A70719AFEB99FA5673071	Johnny Turbo's Arcade - Super Burger Time
563D545FB1D3A30610EC8A30D3A09269	ACA NEOGEO THE KING OF FIGHTERS 2000
5647A78096A8B7BEBFF9A60862161559	PAN-PAN～ちっちゃな大冒険～
565828D0ECF82291354C8F68D76560E2	Flip Wars
565F4D347BEAC885E656D8FC407C9E09	Party Trivia
56A9001957E1FA9E6227F5C3F7F107DC	Banner Saga 2
56ED8548CEE1E25D146CABD4ACC5DC2B	World Tree Marché
56F433D87AE7FCDB895C16096173D54E	The Infectious Madness of Doctor Dekker
56FAC4657C7A696BCE9DE148259C93DD	Vostok Inc.
56FF27EF84A69CFCA73ED33057512C25	Arcade Archives DONKEY KONG 3
572D02512AB739BE9FB65B0DF8B9DC91	The Journey Down - Chapter Three
574C20F540586573505F0BD2FA1127A1	Farm Together
57554DF35F07CB07C4609685460AC004	Nihilumbra
575FC0AAB544584D15970B7B94A5DD93	Mario Kart Live - Home Circuit
5761C1011249E6B1A86DC02E0E1570EC	Monster Slayers
57880ECA7627349C5694F6F7355B3068	Arcade Archives IKARI WARRIORS
578A8051FEAE4B5417B50E0223DB36A2	Death Mark
5797844EF20FC6F604BF50109E2B7368	Party Hard
57A0E7287D0D9DA730E80C6C4092F9C0	Punch Club
57B4628D2267231D57E0FC1078C0596D	Other
57B94EB2BB12AAB3B070BFF067F6D7C4	Bleed
5833A8D7B8549416BB4EBE5DC8B38D6C	Ys VIII - Lacrimosa of DANA
583A6E0C7123DF178A4564E056656C74	The King's Bird
5850C6586058B4B27B3675C1E6FCFB9F	デーモンクリスタル
588CF161156270E5038FAE351E546712	FunBox Party
58B1B8BA2CC159F115A85DD6A2C56AA6	Winning Post 9
58CF3FB22CB3DD14F1177031FDCA6649	Hotel Transylvania 3 - Monsters Overboard
590644E51B5974E27891DE9FA0944BA2	超獣ギガ大戦
590CC3C651CE1634D17C37ED622F64B4	My Time At Portia
593E650B6E89AF7B18B24CEEC6EFC404	Claws of Furry
594201C389A693F78F6077649AB64EF6	STAY
597512F9B7A6836B4BF2A0E2DBC16CC7	Akihabara - Feel the Rhythm Remixed
598BE3C6B5B25F255C9442581F42A387	Think of the Children
59B29447E3068D6329FBD2512A8A82F5	Revenant Dogma
59B649F429F0F6521B084D3BF9ECA502	Blood Waves
59BAE4B14AA47C06104EE18A36B7DB23	UNO Demo
59FE0AAE60108910F557FAF1AA706647	Travis Strikes Again - No More Heroes
5A1BE85591FCAA33E8997B3FDF5F3091	Legend of Kay Anniversary
5A33654902D5EF97F31EC4D59834439C	Thea - The Awakening
5A53EF1567780C3A3AA2599342D356BE	WindJammers
5A6F3157C944341CDE279FD85822A3AD	Pokkén Tournament DX
5AC075237EE37AF735AA0BB1232E4E12	Johnny Turbo’s Arcade - Express Raider
5AD4016BBC6A1815F5C9B25205D7848F	Lanota
5AD45D9CB39067CC619E159B4D20A827	Unepic
5AE3123D0C26717E9CA53960EFCD4DBE	Brave Dungeon + Dark Witch's Story -COMBAT
5AFDF3F5296202781B87C4DA4DEE39AC	Batman - The Telltale Series
5B120DA5D902D87A61521828124E747D	Omensight - Definitive Edition
5B12FFF1991C5F076F945A1D8DA64BDF	Golf Story
5B40574B29EACD56728C489707C04F4E	Castle of Heart
5B4A8A7C24E66C492C4184AC56D18B13	The Way Remastered
5B59118C98C5B121CC1D5AACFFBC1586	WORKxWORK
5B88E4A621D2D51AFC4B298537ADD16A	リーグ オブ イーブル 体験版
5BA5967F2C2F688974B9C9AD81586002	Mindball Play
5BAFD5BDCA5F8328B8A9D8950F8BF290	R.B.I. Baseball 18
5BCCCE5187ED0D1971F6404AC6309DC4	リディー＆スールのアトリエ ～不思議な絵画の錬金術士～
5BCFB46572E25E51FD79B881D93EDA3D	ACA NEOGEO SENGOKU 2
5BD8FC8082101ED90249C56041524FB6	Revertia
5C040442D978484AF9D1CE35556497B7	OF MICE AND SAND -REVISED-
5C12EBBAFDFF42C4FB54FF0657539CA7	Johnny Turbo's Arcade - Two Crude Dudes
5C22550F67BA5948EE73CC70ED67662A	Caveman Warriors
5C4BE1BF688CD1E10CCA7F175A456592	ACA NEOGEO PULSTAR
5C52A99F1B4D0B529AFEB9622AB95568	Donut County
5C6CC49DF48B4A5D409462652F974115	遙かなる時空の中で６ DX
5C78065CD98929D80FE9662AC4A6DDA2	Crypt of the NecroDancer - Nintendo Switch Edition
5CDE611D4D12BC268955FE0874087233	THE 麻雀
5CEE72F4AAD50F018BAF454A05AC0F3E	AngerForce - Reloaded
5D1CEEAB1490E58EAB12F5C2A02F392E	Yooka-Laylee（ユーカレイリー）
5D315FFC05DFD3E4307A98D4E0AE3ED4	Human - Fall Flat
5D3F74961764EA59DCD623B7243FF016	Capcom Beat 'Em Up Bundle
5D7941328A974A7170516EC4A21B80B7	Momonga Pinball Adventures
5D7B299B19405E56EBE28CDE9FB8776A	BLAZBLUE CROSS TAG BATTLE SPECIAL TRIAL
5D837F322A5F885403B2440059A0308C	Risk of Rain
5D8F83D53E6C2FCC4901A61D3E3BBB1A	墮落軍團 - 光榮系譜 -
5DB3EA7E116411535A28BB4F6438DA70	A.O.T. 2
5DBF47A316CB552BC8DEF78BA7CBA1A7	Wasteland 2 - Director's Cut
5DC9749D3DDB42B369FFFAD499DC46AD	OlliOlli - Switch Stance
5DF7961746433F63F1DB32E64B16BD34	大盛りチャリ走DX
5E07D484E9794889C0208420B1FE384A	Space Dave
5E10139044DEC0453F660435BAB8782D	Jotun - Valhalla Edition
5E30217FB20E6ADCBBB2600C468148C9	Fill-a-Pix - Phil's Epic Adventure Demo
5E5E5050065AA7222753B119A1EF2E61	Gnomes Garden 3 - The thief of castles
5E92066D83C981FCBC05AE4D9711906A	ファミリーコンピュータ Nintendo Switch Online
5EC5F8C07EF6B1880E2E06426D1E159C	お絵かきパズル Pic-a-Pix Deluxe 体験版
5ED2CBC63078B89000C247FC0FF81F74	ZOMBIE GOLD RUSH
5EE9AFE7F7969D4E2F106274025ACD58	Caveblazers
5EFC1736FA92EA1C1CDC6A8D1984E3E1	Hell Warders
5F006BF2CE7EC39D3B861FA6F150B381	Octodad - Dadliest Catch
5F25EBBAB5987964E56ADA5BBDDE9DF2	Pokémon - Let's Go, Eevee!
5F3A928CB2D7BA0603997EA16766303D	The Legend of Evil
5F9005A112C1EE5363BB1B9BDFBCDE08	夜廻＆深夜廻 for Nintendo Switch
5FB3FBDAEE79DA3B3ECFEA21A8622AA6	RollerCoaster Tycoon Adventures
5FC696869FA815D6C376F3C58D6B57C7	Brawlout (retail only)
5FD1ABC882C0D6D7AD74DAEA5F72B25C	Dead Synchronicity - Tomorrow Comes Today
603687AF492168C0AF7EC16CF33BED27	Blaster Master Zero
6036C3614A1BB793D9D5440ABE001494	Gear.Club Unlimited 2
605CF2B480C2B1B04196742C3FA00733	Island Flight Simulator
607BE9A1646BFC5CF393807CC6D36608	Yonder 青と大地と雲の物語
607D73E918DDC175CCC19FA9B811167B	Stern Pinball Arcade (retail only)
60A0938BEA7650899B92A662B8DC1A0F	Lost Sea
60EB996EFE49BAA050818417B697D182	30-in-1 Game Collection - Volume 1
60F27E50736C87887C062F327755C582	SEGA Mega Drive Classics
6100B70D06964B06C439B426589FC2D6	Knights of Pen and Paper Bundle
610198057E9A81232F89483FDA0336FC	The Flame In The Flood - Complete Edition
611743FFF8FE9CA8272D76F63B386783	超回転 寿司ストライカー The Way of Sushido 体験版
6195A419F7A0397E283F1C8698897D22	YouTube
619BDCCA22EF7D35F4774FBE6E874C23	Riddled Corpses EX
61B2788872487D35FDC4CA64B208F551	Phantaruk
61C2872153A90274AD5D2681419AAEA0	Animal Rivals - Nintendo Switch Edition
61D2949DB9967647E14AA98EED431AFE	すばらしきこのせかい -Final Remix-
61E8FD0B7FC2F2581E3E0FE23044F57C	Cave Story+
61FB227FDF7CE23C67B31D578CBBB643	スチームワールドハイスト
61FDFBF77E35E61FC31471FFEEBE17A9	BLAZBLUE CENTRALFICTION Special Edition
625DD98C501EBD6DCA372B72183EE533	剣と魔法と学園モノ。Anniversary Edition
62D51953B3E8E1933C9679D66044C52F	Oh...Sir! The Hollywood Roast
62DB600D9673AC51241FF1500E37C46A	Disc Jam
62F2E8FB7D73FF178C047674AFEFFCEE	Mad Age & This Guy
62FCDEC696A1F3A2F3C851B2FF134E6F	ディスティニーコネクト
63101D6464688DA1C725463D7426F142	Pilot Sports
631133DBEAAFE7C6D09E3A46F9C514B2	Cartoon Network - Battle Crashers
631AB43E856E5BB9DC0D8E2C8E41C89F	そるだむ 開花宣言
631B4CABFC0503D3948053982F0FA914	ACA NEOGEO SUPER SIDEKICKS 3 - THE NEXT GLORY
631D2F1983AFE75E423FB1389B553770	シリアルクリーナー ジョージの裏シゴト
631F55DD98804D69C9A5109DA9A7406F	フラッシュバック
63210E871D223A43C2912C51FC71BDCE	教えて おねだり将棋
63430B1E70EDE7DE866EDBE191C04326	SEGA AGES Gain Ground
6359A99CD1B1F9936DC18B85ED874660	Sky Force Reloaded
6395A53A6CF76F2CBCF6B969EFF404AA	Light Fall
63A1D03DD8B3C1C4DC8E33E1A318864A	Darkwood
63AFE21D11C76633C9894A3385E70485	TorqueL -Physics Modified Edition-
63B7F6F164D21EEEFA483D0BBD37705E	InnerSpace
63F17940378ACF53E62D93425252F173	Hollow
64180B8D7A1205C83D0AA9EB09675C78	Darts Up
643A010CA88FC12A0B76DAC9BFD85440	SEGA AGES Sonic The Hedgehog
64657CEE68093A9B31BBCBD9495B549F	Robbotto
646B8BFC5180422D24D6D89C23E5DB7E	IMPLOSION 体験版
647258AD737060C6C74826D0573BAF93	Everybody, Hearts!
64902EF0DF1ABA05E4076CB0BBFCD9A5	Tales of Vesperia - Definitive Edition
64DA0CE811E591F15B473CA26AA2659A	Cars 3 - Driven to Win
64E0CC877FA4951A225029BBE709009F	Robonauts Demo
651C8528A47DCFB0A20254D9313EE2F3	Gal*Gun 2
65590FD04B4DF51BB1D8C39A50C8376C	Shantae - Half-Genie Hero
6572808B84B39F257DCB6119C511B7BB	スプラトゥーン2 特別体験版
657EB330BAA5EAA4F56989E2CC1D0608	New Frontier Days ~Founding Pioneers~
6596C20F0074B600C19784F40D93ECEF	Paladins - Founder's Pack
659B13F48903294AE2B3FA4F12DA9898	Xenoblade Chronicles 2
65ACB0E226150A0F889FEFA325F9795B	Fallen Legion - Rise to Glory
65B9360AD4506BC28795792AD7953BC6	The Escapists - Complete Edition
65CEF339BB4B0ABE825BD23E3FC322D3	Cars 3 - Driven to Win
65D6E77ED572E0727E631FE1627BC271	Perception
660E21E5E35C04E3DB4AA9523A6C3F74	WILD GUNS Reloaded
66162B54E6EE42D1D4E33C7D0492750A	Team Sonic Racing
663BBB2B36C757C3771CC4566432EF12	Son of a Witch
6648A84B9AF33AFA32B8F34A2BC68F22	レゴインクレディブル・ファミリー
66719FBFDACE95ABA9D23F32A2294B1E	The Banner Saga Trilogy
669696D5A224B227F27BAE83CF12C82D	Drawful 2
66A96170501336639DD31422BDC12B97	3D MiniGolf
66B74171E0B53BB266624F97ACB75EA9	Astro Bears Party
66C396DFF5BBB36B52AEA44F72B55406	Snipperclips Plus - Cut It Out, Together!
6710E39F11BFF12D07F165E1057AF80C	ノラと皇女と野良猫ハート HD
67341E08583A51ACC8EAA424ADB18D13	Lost Castle
6735E70778769100392D9553993E6868	Minesweeper Genius
675347CC3C6A3B9F0788B957C9DCF36D	Jurassic Pinball
67955E5914F7FA00B7258CF9356963FF	Gaokao.Love.100Days
67CC7E554E369B97C902AC13547BF7B7	ボクと僕の世界で
67D01338887DAC4477826B5EA75BFB74	Wizard of Legend
67DF96E2A50F553B08E46A4DCEC64D6D	Nine Parchments Demo
68051C3662AA1C67C44FDCEB1384B3B2	Duck Game
6818D587B60C7062B13C734F43FFA8B9	Death Squared
682454342666426A7BBD8B11E5A4DE08	Little Nightmares Complete Edition
6844610F55CDCF6F45CF37281D93FABE	The World Next Door
6853C483B17F78A4311897A91B5692F3	ロストスター
687E66D27DB27A0126819CC21B1E6EE8	Transistor
68B5A2174A561AD3B521547ECD544B2C	Bendy and the Ink Machine
68C3242B508761CBE3C33C6841D9B241	レイトン ミステリージャーニー カトリーエイルと大富豪の陰謀 DX
68FE2561E4B7F4ED668C43F58147E9EB	SIX SIDES OF THE WORLD ENHANCED
69036CB5FE0DA06D9177825A39487963	Samurai Defender - Ninja Warfare
6915372E0A1295D302544BD0AF70C198	レイマン レジェンド for Nintendo Switch
69155A5452B601FC1CFB3EE38FB0E8A5	SEGA Genesis Classics
691C9B2C6D1F1E032DDC01FD026159FD	Tetris 99
69203F57A02BA39D7A6E8912E69294CD	Minit
692A036ACD6F85F010A46CF2B3F28834	BUTCHER
6941EE7DEC36FA54EBEDC2A62436CF2A	Max - The Curse of Brotherhood
6946C155039039F96B9C97E4BAB41B81	Hyperide - Vector Raid
696E0FED77BDA34160B27D19C9700683	The Walking Dead - The Complete First Season
69726D0C0401760A2C3E2EFF99BD4718	ACA NEOGEO BLUE'S JOURNEY
697D1822F0F7244E5F3398307A2CDC1B	ネットキャッチャー ネッチ
69AA450BB058D7C0F3FABB7FC7C2DBA2	Moonlighter
69AFCC657BDBF768AF1E5F208AF918FC	LongStory
69B9969EC3D9DF6399D6DC160DC26E68	Phantom Breaker - Battle Grounds Overdrive
6A2BE74EC263285363CA81EA1CF2BF48	机でサッカー
6A2FD1F0A672E387DBF74F7FAAF6246B	The Men of Yoshiwara - Kikuya
6A3F2D087B200B79476FDC5AEA231071	Arcade Archives ARGUS
6A547AC3144DC535133848AA3477644B	Stardew Valley
6A71DB2D4A0C6B13E02712677C548281	Broken Age
6A9272367B4509CF086BE103E94278D5	THE 麻雀 LITE
6AA5886CA8D13D8368D133D0FC08E663	Grave Danger
6ACA01C7CAC826A67C9DDF88FB3C87AE	L.F.O. -Lost Future Omega-
6AD8E0EEAE625199AA3A1E2CAC3BAEB2	Mantis Burn Racing
6AE4417031B920A174DCE8BF099D0FDF	Black The Fall
6AFA6CCF17F3A4ECA8335590808C1A1C	ACA NEOGEO METAL SLUG
6AFCD6B1D4B4AEEDFE710DB4A75F449E	ACA NEOGEO FATAL FURY 3
6AFF601CA973FE393C7B5F67A146E224	SteamWorld Dig 2
6B068D37D0F1AC788F847E0496E85F44	スーパーリアル麻雀PⅤ
6B14E6B278A4307BA29EB1F22D6CE79D	TowerFall
6B39AF2909E3FD3D131C27A3FE28A801	中華大仙
6B47577E10C102DD63DA7C4FCF67D158	蒼の彼方のフォーリズム for Nintendo Switch
6B6B11964839B39B6F7678D9A58F38F0	Otto
6B707FAFD895A9173F1328731CB62774	Slime-san
6B74D87D0F8C50910F5B06531BAF0DDB	Slayaway Camp - Butcher's Cut
6B764E11CD2A628DAEA590E3EEC13872	Arcade Archives Sky Skipper
6B83ED227C9CF1F16FFA0D73F08BEE26	Regalia - Of Men and Monarchs - Royal Edition
6BB0B8A552F8B310476E41BF69070099	Tiny Troopers Joint Ops XL
6C414F36A62DFC64D4F8AA979CF921ED	Alchemic Dungeons DX
6C758ACA2B342DE57F9C4D058FA9855A	ACA NEOGEO STRIKERS 1945 PLUS
6C79F70A3C657CF4B1CC647EEC7FB293	Car Quest
6CA711F59253046EA04149412A48CCCF	Away - Journey to the Unexpected
6CAF35D89074397992682F7CB5BB48A4	Arcade Archives Mario Bros.
6CBE70976CB3AD1BFB37957E826E182E	ACA NEOGEO RIDING HERO
6CC8376C167A56B2501A941FA500C130	ONE PIECE - PIRATE WARRIORS 3 - Deluxe Edition
6D2F0CDAC4E5E6E45FD1FF08E0F5B4E7	For The King
6D311B9F9472ED7110A68EEEFB884101	Sphinx and the Cursed Mummy
6D38F21C832102AC85BBD36947FA8BC1	Stick It to The Man
6D562E98D049A87692B9BA5E1A83AC95	Bud Spencer & Terence Hill - Slaps And Beans
6D61432A72AF54651C908F44C4A0BB14	WWE 2K18
6D7961697C3B20468D03E137B9BD7A8B	大盛グルメ食堂
6D7F081F1081251D0B0531F85054A963	The LEGO NINJAGO Movie Videogame
6D858772AF5368E1262D8A6466176421	Mulaka
6D90EF56D858FF65702B61063AB2CD52	Mega Man Legacy Collection 2
6DAE92E255B607316379F3E517CBDFC0	Marble It Up!
6DEB4274822DAADA9D22A592CD446654	吉原彼岸花 久遠の契り
6E4636D80B999C5F1F652A7EF3446D5A	Code：Realize ～彩虹の花束～ for Nintendo Switch
6E8CBCBE7BF91DA4B25E91CC8C0DB8F5	Sigi - A Fart for Melusina
6E956B433005F0B8F614D3843FC0C0A8	South Park - The Fractured but Whole
6E9C6C8B0878851B45FBE32219E62E57	Everything
6EBA0D4809DBEF629D252297B779A203	Please, Don't Touch Anything
6EC44942405D964FCA42DCEB6BF54884	PAC-MAN VS. Free Multiplayer-only Ver.
6F0C43C874070D258E918F2424F5F556	Arcade Archives Ikki
6F438935900A98070372B0765068FEDB	King Oddball
6F4D679ED7D2A016B654B265B956C5F0	Rocket League
6FB04EFBBFEBB266DE4B4EA4E57AC071	Let's Sing 2019
6FF4C34F0598D34990319898E026AF03	Forever Forest
70227AEA0C870FE191588C9840CAC6F9	Fall of Light - Darkest Edition
705E70FBF08F9E52BA9C8FB1A9FC2AB4	RISK - The Game of Global Domination
707AF51D43B4AC04CAAD2E079ACF4CD1	WWA Collection
709F8E170AE3F32C9EEE3ED52D1336D0	LEGO The Incredibles
70AFDF5BC33F9A1D10CACFC86C930C43	テト字ス
70D2E2C78563CB8EE8EAFE4A386B6248	Epic Loon
70D68C2958B8DF6FC76423AB6FF4375A	テニス ワールドツアー
70FB9173E30153FE4F0D0E3A94105CF2	Mahjong Solitaire Refresh
71866CA0FB80D6ED366BC0CA5AA200A4	Trüberbrook
7189080A03AAF60DFAB475FD88C27E2E	Space War Arena
719AC9E87CC3733E1B42FC67D8D20295	バルブ・ボーイ
719BBBFCFF4234BE997319A456FFF0DA	The Longest Five Minutes
71A14383FBF62C09D695156301912935	Tanzia
71A1BE366292282011B5BFE2DB48C706	Hammerwatch
71FADCF8929C7E9963F20F9D9728672A	Mega Man 11
7209F0B9FB7024704F974FCA2177E987	6180 the moon
720E39573AA8E05F39F384AEFB1E1B6F	Levels+ - Addictive Puzzle Game
7211CE7A71818ECF256F9008C32705E6	RPGツクールMV Trinity
72192154FFBC2B082AA78A283877FD9D	Tennis in the Face
722E432F828D5D2CAB719DAB6E6BFF57	Arcade Archives VS. SUPER MARIO BROS.
7236C468C03A7F414FA188ADBB94FD03	白衣性愛情依存症
727A54F37F0AD25AFF5AB6C392C37E59	Manticore - Galaxy on Fire
72AA140C5E910F40E6E91965F8ED8979	Oniken - Unstoppable Edition
72CA1DED7AF149F87216AAA92ACC6ECE	NBA 2K18
7342983C3776BB2FE109ED21956B198D	Space Lift Danger Panic!
734FBB1FF8CCFC8E3C43FD5030AF434F	パンカプ～オムニアの防人
737C2F8E46ACF89D870C1FA1EBCABD57	Blades of Time
738261BCA91277475A3D6879A2FA3908	kuso
738EE46639083190D12447BD32B9EB73	メゾン・ド・魔王
7393BDF13A72D4FDFABD4286A1594866	Evoland - Legendary Edition
73C3A2494C7B6FEE83D5006250C6A6B1	Knights of Pen & Paper 2 Deluxiest Edition
73CD6EFDEE16D8F24F01FE4F2BD96EB5	ACA NEOGEO SUPER SIDEKICKS 2
73F83DA721DE5AFEED1F917A300ED622	MagiCat
7402A5FF962DEB30B49F9D2EC6502EE1	Spoiler Alert
740EF0A016B8D3414B465BFEB92FE8D9	Road To Ballhalla
741175CBDE0B6ADAC845D1BCDBD72427	Them Bombs!
74555976950BCBFE1CB6824AB1B78E34	Kill The Bad Guy
74E0781171FE5A9B5EA8880C36FD0881	ひぐらしのなく頃に奉
74EA5D8C57EB2F39A242F585A490F51B	The Elder Scrolls V - Skyrim
74F0D8BD2151B38121EA9F2B0CBA86B2	Croc's World
750158BD25C89B1D9E137FBB8ED6831D	Johnny Turbo's Arcade - Nitro Ball
7540415E547FF664FF77EC4195D9D07B	協撃 カルテットファイターズ
754BEFBF8E105A207BFF1A7F861EF5F7	Aggelos
75582DADAB1336C8C9112B8E41035F0B	Syberia
7567657130495D5B1C2F21E91572F65A	Touhou Sky Arena - Matsuri Climax
7589FF7625E38498B948C61898499F87	Assassin's Creed III Remastered
75A32021BE3512D7AA96B2D72F764411	Celeste
75C28A6F0573C8D1C2ECC20F72BCC150	Find the Balance
75FEE57E5B7C33445D9311E76097633A	ACA NEOGEO AGGRESSORS OF DARK KOMBAT
76C1C2221A8E829EB02C611CCA0F0C41	Let's Sing 2019 Hits Francais et Internationaux
76D769EA1AEFE603BD0D9D2DA1A76A78	Grab the Bottle
76E25ED825A3207A1169B3957682E67D	レゴシティ アンダーカバー
770EF0B1F8569BB85C6C645CD54285F0	ACA NEOGEO SAMURAI SHODOWN
7711E7E725D7FC884AEA279F9EA70A6C	planetarian
7715E5E82F7AF1BBD8572602698FB045	Guilty Gear
773F9627E0AC611AA92DA55E307BD361	Minecraft - Nintendo Switch Edition
7761C4BB0237D5134C75226E31AC4B60	ACA NEOGEO LAST RESORT
777AC1189ADA093280C624C7F7AA30B1	スプラトゥーン２ 先行試射会
778A844B545841C533266FE94B0314AB	籠庭のクックロビン
779F5CCB7F550AFF900F0ABDD74C3857	Gunhouse
77A19AD9CC3F14FFB0EE0DD99F161607	Capcom Beat 'Em Up Bundle
77B2A3455CCAF053B2F6C58C5E3C211F	ACA NEOGEO ART OF FIGHTING 2
77C6A5993ABBDE971A60940492A84938	Let's Sing 11 (ESP)
77D4F91EB7C33C50596A8E4432007663	ACA NEOGEO SAMURAI SHODOWN III
77F5BD8103522BE11D3EE89ED8D88F4B	Ding Dong XL
77F7C75C701CD04B569F1DE24279014C	State of Mind
7806952E0DBDCB5223EC78FF8088406C	Mega Man X Legacy Collection
7894EB961137C16C446E391DA16ECA75	Voxel Shot for Nintendo Switch
78C22A164F4BEA650D4D396437185095	Double Cross
78C6BDD71FCDA145DFA3B2AEB8493E98	Horizon Chase Turbo
78D743D7DFD266FA542D8EF196A7FFD2	ACA NEOGEO TOP PLAYER’S GOLF
79056356AA2A8AF6D1ADB47BB2FD3AB8	Atelier Meruru ~The Apprentice of Arland~ DX
7910F47459DF7E4B29A75EA6A2230E07	Poly Bridge
79117A70434C80E42C68281892D51C71	Never Stop
791B7A34E715AD7FECE50A98DE065F77	Bleep Bloop
792287B3FB14561B943A7B2F5285AAB2	スーパードラゴンボールヒーローズ ワールドミッション
794A09000C43D568F73FBB3A5C902A05	마계전기 디스가이아5
79794F199D9BE9933292755DFB66B837	Time Recoil
799B058E6E2D7F4BEAA9CDEA82086D33	포탈 나이츠
79A4BC6F9E61284EC6CB02D69887ACCB	おしゃべり！ホリジョ！
79A5B258568F5C165F0A648B4AD8DBB6	Windstorm - Ari's Arrival
79B379F79F7FD9675D3A6FBDC15C2436	Little Triangle
79C8A1A3C2F50A48AE7A216609681C4D	体験版デス！がるメタる！
79C91A823819FF9D0CD5349A4F2ACD21	L.F.O. -Lost Future Omega-
79EC1189088E767339D21942767BCF2E	Battle Chef Brigade
79EFF06BE126DAAB19E7AB3FC12FF2EB	Drowning
7A5825B6334E63AF2B3C3BE850F1F62C	Cat Quest
7A63035F5195A1D4C7928CC7518654C5	Bridge Constructor Portal
7A6896AD4EE1735178023ABBE6E30739	Super Volley Blast
7A8FA16FF4F0CC4FC1B2E80D06DBA165	ソードアート・オンライン -ホロウ・リアリゼーション- DELUXE EDITION
7A9790E8140CB471EF330F47B85C4384	Metropolis - Lux Obscura
7AEC2A218F3680421EF818EA9D953BFC	MAX マジックマーカーと兄弟の絆
7B757DDE442D3E06F00BFC62FECC82F2	Dungeon Stars
7B7655CD0E6F3029DD177EEDF97A732A	Goetia
7B7806542566B89F0B2091F8A6832544	Troll and I
7B9BE6A72DB4970897612E3E278A294C	Asdivine Hearts
7BFE284520ABE4024907AFE43C25A796	Big Buck Hunter Arcade
7C1627889EEC6FFAAE36C07832617A20	Super Sportmatchen
7C2D2C7DEF050723D23856081ADFCF0F	Frederic 2 - Evil Strikes Back
7C397A8B6C587ADE19A8D72CAA72BA4E	Trax - Build it Race it
7CB2BD38FBFCB0F138C90FC1EDC376EE	Detective Gallo
7CD1A7EA5D510CDA12263E0CA72584DC	Kotodama - The 7 Mysteries of Fujisawa
7CDB6CBC5607059A05F9C68EB5BA0D15	RPGツクールMVプレイヤー
7CE2848028CE3818C2C8AAB8EA4CF5C5	Our World Is Ended.
7CF9B1B24986C2E13EAC53A67CAC6224	ニューロボイダー
7CFF8B46BCEFE35D578B9F5DCCB1E3BC	ICEY
7D5734CBDC923456C75B255FD27786C7	Johnny Turbo's Arcade - Shoot Out
7D6F548625BC0EB94C235FFE679A3299	Overcooked! 2
7DBA78DCF1BDF8D677D837C3A254B4C6	Ambition of the Slimes
7E02CC7BF735D92A183649AAA25937C3	Songbringer
7E0E259B0AE6C9FCE0A77A2883467CA6	Atari Flashback Classics
7E1BD8163972CCB299E520677E78F5A6	Superola and the Lost Burgers
7E22E2355B28E6DFA2672EC9473F0283	カイジ～絶望の鉄骨渡り～ for Nintendo Switch
7E23DA3E08B74FF42DF8EE5BB33E0882	Arcade Archives TERRA CRESTA
7E5934F6925C1F81CA9A8CFDC00A1335	Arcade Archives RYGAR
7EA1AB6F873E72A97D0BAF532CC97521	ACA NEOGEO STAKES WINNER
7EAFA75D26056567F6B50CFC8A09C1A7	Nintendo Labo Toy-Con 03 - Drive Kit(ドライブ キット)
7EF207E2B57A2E283A114282DE633B17	Mercenaries Saga Chronicles
7EF3FF916408220D68B88A169CF00A00	Toki Tori 2+ - Nintendo Switch Edition
7EF506FD4EBB20FB4F04B84998962DDE	Dark Quest 2
7F16F57E9503B360EEEE17A70BDBFBCE	World to the West
7F2BDB49CB7EDF6904DE1190016DBC07	Mark of the Ninja - Remastered
7F2F1111AFE3AA11E958B0ACD0B5B925	Enter the Gungeon
7F565E05C63480EA0A8DD7DE4619B5F2	Kingdom Two Crowns
7F79FC1E43700413FECF414F4B54C240	ACA NEOGEO OVER TOP
7F84FCDD31F7A57993D7F9D20F9FE46B	Ikaruga
7F983C4EDBBF31121F2E1503170E4C22	Hunting Simulator
7FA1BF959A8E8E6E1F121A901FFDE370	シフトクアンタム Shift Quantum
7FA7DF134BC290EF90197E69118770FF	王だぁランド！ 体験版
7FCD497F0E6099A0892CB6FEA2A32E13	夜廻+深夜廻 for Nintendo Switch
7FD45F6321E418C2CC431BAA01DCA3C4	Sky Gamblers - Storm Raiders
7FE2AB62BA37BF7B65F5D1705B58AC9D	Atelier Totori ~The Adventurer of Arland~ DX
801B30E9121E3E993B3B9BF201D00C0B	Dungeon Rushers
8052E8E3C4D7D32EF4696B7E7445B8B6	Just Dance 2017 Demo
80A921BDBFDD9394C2CE734DDF5E774D	SOL DIVIDE -SWORD OF DARKNESS- for Nintendo Switch
80ADF012F67C5E1C649BA8DD19B376D6	Golem Gates
80C42215514614418F7A6D0D19607EDD	forma.8 体験版
80E62A341BC3677D57A31625A63B318B	SKYPEACE
81060710005D65C21150FF661EADDF8A	おきらく大富豪SP
814D888B4B583E2BA623B4DEE870A083	Mummy Pinball
814E15EE0CFA25EC723A56AAFE37BCE1	ACA NEOGEO WORLD HEROES
81526BF01C72767AEC8E90CC5AEBEC71	Fate/EXTELLA LINK
81602E0A07103CB8C473C073682AA0C0	Mercenary Kings Reloaded Edition
81AE6DB5124FD76AD91BB394A2A77A2D	ROCK'NRACING GRAND PRIX
81AEE330A3FA31C4A974B06BDBC0845E	SNK 40th ANNIVERSARY COLLECTION
81B7E5ED23D69E441D8D157B963935B7	XEODRIFTER(ゼオドリフター)
81E0EDFD327B7E2B19F0CB0D479724C6	Iris School of Wizardry -Vinculum Hearts-
822A459BBE64831916FA123567EFCDB0	DIABOLIK LOVERS CHAOS LINEAGE
8244FA877316D9A5092B4DF902D7E4F3	Tactical Mind
8297D4A8C442BFBBC3FCFCC3CB82CDD8	PixelJunk モンスターズ 2 体験版
82D4E4060322C8CF89504D3AF89B5437	ACA NEOGEO SAMURAI SHODOWN II
8301B4AB38C5A38046291A283681B5A8	NARUTO - Ultimate Ninja STORM
8325BF86EDFA5126DC29688C42FD7802	Knock-Knock
8329FEF191AE7FC72D4D52472E99EE37	Henry The Hamster Handler
834A41FB9508A1B33060F61E7448E748	Unruly Heroes
835416945FAD6B2F21291A15D2F1790A	FINAL FANTASY IX
835F4456A93D866A302B0ABC40B7BEBB	Doggie Ninja The Golden Mission
8390CD9D30D4C5CE990CDDF53A235744	Out of The Box
840D0337D64769BD45FFFFA139E9B4FB	My Riding Stables – Life with Horses
8421E9CEEAB6A7EAE5B0212AEF5122ED	MUSYNX
842E1C9F22E59BC22AE3293E04930046	Time Carnage
84579042CFE7EEE7D947FC614A0C80A7	机で野球
845B4527CFEEB9B508A5F98C4C6E7F1C	Thimbleweed Park
846C52ED012577550F0543CE248930F4	Guns, Gore and Cannoli 2
848289CDF9DB9BB88C53A64DF8AE86F3	Slain - Back From Hell
849596EAF8895B01B8DCC4E4F0DD27BF	Halcyon 6 - Starbase Commander
8498EB51AB30E43EE1BCD8F582AE0B8E	Beach Buggy Racing
84BDDF7FA713EF7DDC33239F664FE9BF	Shelter Generations
84BE36E19802281B2D2E57DCAC86D041	Big Bash Boom
84C5FEEB705165D2D6FEBB9C63AD7443	翔べよ!!ドラゴン！
851DB9EE4D1AC1CC4CAAE2FF05725B18	R-Type Dimensions EX
85A1FEE1E255E10D21B86D2F915A1781	Drift Legends
85B98B55781AF58C2C49E0FD539C5050	グーの惑星
85BFEEBA8ADF3987441F89A8A598501E	LEGO Marvel Super Heroes 2
85CAEB5689AFE65EA21B568408A9416C	Monster Energy Supercross - The Official Videogame (モンスターエナジースーパークロス オフィシャルビデオゲーム)
85CF13F93667C8459D6A60A6822E4878	The Shapeshifting Detective
85D9935B2F5F4031F0234680A94E6896	机でピンポン
85DA25AA91211E932BB6A767CC5E7D17	CLOSED NIGHTMARE
8612C4B0DCCDF53F4DDB7574D02CFD41	Arcade Archives ICE CLIMBER
862E40F680068BAF0A895E882CBA4DDE	ザ・トレイル：フロンティアチャレンジ
8630A5785D7F0BAEE14145C4DCE0F3A6	Super Daryl Deluxe
863245699549211D9CC56A5BFA249867	Green Game - TimeSwapper
8641FFC05355D64E5B4D4B4CABC3803A	Lichtspeer - Double Speer Edition
864BE4CFBC8CD24912642C56AAA212A3	EAT BEAT DEADSPIKE-san
865A8E5F421C4ECB44AAF74103543C55	Samurai Aces for Nintendo Switch
8682D07812F8E5168C51D54A0D0BE785	Timberman VS
86C14151EAC920165D017C83A8A5AAE9	Kingdom - New Lands
86C362EDF89BD0562E177592F1C217D6	Saturday Morning RPG
86E412D30FDA86FE50B7761F23C5E1E4	GhoulBoy
86F796465382755DE3710321FFEC478D	South Park - The Stick Of Truth
870959BD30A3EAC174BE18CA63D8A9CA	ACA NEOGEO BASEBALL STARS PROFESSIONAL
87141D661078FC20920A962224947092	Let's Sing 2018 Hits Français et Internationaux
873D6D79327D48D2426280315DBAC306	Little Dragons Café
874707B185F7E4C5D0958CB325157775	The Inner World - The Last Wind Monk
875C6FB82D5133CDD4839C41F166E2C0	Sine Mora EX
875DC1FBDBC28FA1EE2739CDA372E222	forma.8
879B2B546FF1951BF25CD7E568AF4DF7	Halloween Pinball
87A3DD530E72C978D5D8ABD4D771B1A0	すみっコぐらし あつまれ！すみっコタウン
87A717CDCC5C0592463A648680CC3A9C	Never Stop Sneakin'
87A887FAF7938395D005DFBAD1E0D489	The Men of Yoshiwara - Ohgiya
87B3167B1C25E4D6F6588AF097BB861B	Damascus Gear Operation Tokyo
87B6706F246704892854A73E75BD2967	Rad Rodgers Radical Edition
87D2630FF65458523C252A286BA8E6A6	みんなでワイワイ！スペランカー 体験版
87D2802C27E7B85F2651521D8AA79E0B	Treasure Stack
87E7496226FD5EC50DA819D67C48CF4E	Deemo
87ECC424E89CEBEB912BBDC44A9E0305	Yomawari - The Long Night Collection
88057AACC0650978CB2948DFFB261676	Garage
887D27006BFFF304963980D089985020	One Strike一騎打ち
8893BAAA7C072D28F453B4C2EB5A191B	테니스 월드 투어(Tennis World Tour)
88BF4FDB24E1162D03A1417BEB09B3F9	Buddy Collection if －宿命の赤い糸－
88DABD6BF029E4019C69DC28281AC19B	Dies irae Amantes amentes For Nintendo Switch
88ECB5212670F00394611176F1DBAE42	The Mahjong Huntress
88EF5586AE3D35502CD966B956FC25CD	あなたの四騎姫教導譚
895F1B66EC9D11F2C94AA3061165551C	Rage in Peace
896B8189D2829BB7A218EED98D0D5CF8	Next Up Hero
897EAE119280A13DBF97DAB15A16A087	Johnny Turbo's Arcade - Bad Dudes
8993C2158662E53F0E3DF0738C3A8084	Lode Runner Legacy Demo Version
89976CF99C2D560E2FD7558A3DBF15CF	Qbics Paint
89E7279E14B066E02BB7724E1FD107CE	Shape of the World
89FE6F92CE89FE65A13DDE912DF16600	メモリーズオフ -Innocent Fille-
8A32DD9C1EC0777453214F86B1CD0254	A Normal Lost Phone
8A3A31508AA42853E48F5DA3576430FD	Baseball Riot
8A3E3FB373BC66195B642F25025A73E1	ACA NEOGEO MAGICAL DROP II
8AB48F05AECF75DC390CE4541F1C8D81	インナースペース
8AB80604C69D511F145ED8E1EB954232	Unexplored
8ABF08C693E5F624F27BEC49E0BA0FB9	秋葉原クラッシュ！１２３ステージ＋１
8AE216822D4FABD3E275AD5C38C82319	NARUTO－ナルト－ 疾風伝 ナルティメットストーム２
8AEDFF741E2D23FBED39474178692DAF	Super Mario Odyssey
8AF6E810E8A44B63D247EB05D19CD2EE	ビリオンロード
8B046C9A48ED24617EB5ADE5BC32892E	Startide
8B0985C6A1969156FE7C665AFF87C279	ゾンビーズマンション
8B175695EB32F1B8A60070E9572F5231	Vaporum
8B2F2861C43DA12C66BF27D82B385FFB	OkunoKA
8B37BC2B76BF9988EB6B9818697226B1	Moorhuhn Wanted
8B5F6E6FAC370F4FE6E3A454EC27E559	Trybit Logic
8B7CDA6FB0697163F76FB74037A6EFAD	Victor Vran Overkill Edition (retail only)
8B9069CD8189A17366EB861AADF9A092	Riptide GP - Renegade
8BA9C7062D28CE53307802B0EA77634B	Mad Carnage
8BB6B4D2A39C117E5D30AD47499310E0	Nights of Azure 2 - Bride of the New Moon
8BC2CB9F3771DF1B2B2231A03EB27F30	Wheels of Aurelia
8BE7AD46121B9ADA2C0943AD418A72C7	Shadow Bug
8C00C3F0C955A1777CCBA19981BB4AC3	Minecraft - Story Mode - The Complete Adventure
8C1E22BC1A437AA86C3DF6E7D0564024	88 Heroes - 98 Heroes Edition
8C2319A8FEBE37EA272B508676E3EA1F	Guacamelee! 2
8C26D34BA5C5E37C5AB9808C09D5CCDB	Party Crashers
8C2E6810B8407240E08629DAB4DE12CF	Champion Jockey Special
8C54B84B82ECD33A096D4B696146EC78	ACA NEOGEO 2020 SUPER BASEBALL
8CB63A29AAA8BC5720F9C5C2222EDD1D	Animated Jigsaws - Beautiful Japanese Scenery
8D0431B7EC842E9F2D1F69F8B6F05255	Oh...Sir! The Insult Simulator
8D15E99D85052F79B441897AE2451535	Operation Hardcore
8D2D34A0857608F05DCAC946A73BBE70	Paranautical Activity
8D5593A33B9E7B5DB9851F06E3DE7EF4	RADIO HAMMER STATION
8D6035A87A12CE70A11CA2515CD86E0A	Sparkle ZERO
8D65017A9761B6A5ACB69AC470A921FB	Trüberbrook
8D86F9EF38AB70544615DA92DBD8D2A0	Cabela's - The Hunt - Championship Edition
8D93CC66DC92A9D130CA2ED57647756B	Slam Land
8DD99B92E6F47191D1C41B466FC26363	原始人 うぉーりあーず
8DDADCA867DBC642E2F1A608AD5D9D7A	レゴマーベル スーパー・ヒーローズ2 ザ・ゲーム
8DEE8F9227A7ADE1F437F7BA9EC2994A	Not Not - A Brain Buster
8E2E9730B43998FE5D127619FB2350BD	Voxel Sword（ボクセルソード）
8E8DC47CF26D1B897458C120C978E5AC	ロックマンX アニバーサリー コレクション
8ED35B6476BC4BFEE5A52A3C1E14935E	CLOSED NIGHTMARE
8EF3CC6F754882439C45749A15478054	ドラえもん のび太の月面探査記
8F06FD0B0A01510E0995C9D2979DA896	ACA NEOGEO REAL BOUT FATAL FURY 2
8F1E1A5B57503243150498644F8638E7	Gear.Club Unlimited 2
8F30B92CA16EEC463A988F8B5787D242	Battle Princess Madelyn
8F4067D99C12FCF7B2FC8FEFAE4F3FDE	Armello
8F5B3A7300124EAF1A20571A622F2910	Toby - The Secret Mine
8F5D7578C112317932C8BB273B9B7880	Sausage Sports Club
8F655652CF5441D7471D936F3F07324D	Nintendo Entertainment System – Nintendo Switch Online
8F6AC36373FA21E8D4E3BC7644186C40	Midnight Deluxe
8F6EF684382A96B9F07E75C540D1CA34	GUNBIRD for Nintendo Switch
8F75FD9FF7EC791B0B4B1C7C9A738C51	Football Manager 2019 Touch
8FE92F7D6792A22844ACB50CA8011C76	The Midnight Sanctuary
8FF2487150B0A782E9BC7B1AD9D00F64	Battle Supremacy
90341D49A8F6499391DC174012F6E5BA	Attack on Titan 2
9044ED47BE6CB5262A2886E18A706888	Party Golf
905AF0F7EBD7B4B8A263F0C2BF98DCEE	Feather
90646BC12AD199C21A10C53DE8289D0C	Pinball FX3
906D1DD5BCEDC3E72889D5D23917398E	Unravel Two
90A63D2FD4065079828B672950E36E85	Arcade Archives HEROIC EPISODE
90A95F70F7075E2B3CE05491087DC85E	Sky Ride
90D61240EF2E9DB4F6C58BDF615723A5	Wonder Boy Returns Remix
90E4C3E19C39A405E628C8B952F7162C	Guilty Gear XX Accent Core Plus R
912988CA71384FD4B484BDCBF2B9AFEF	ACA NEOGEO MAGICAL DROP III
9138DA9BF4E92D2AB6B34A2FC55EAFAD	ACA NEOGEO MAGICIAN LORD
915442A472E08C8A5D7BDDF068528903	シノビリフレ -SENRAN KAGURA-
9154D1B714FCE359336BDCACD35C6339	Robonauts ロボノーツ
915FF2ADBDF999D66F96486295DB4C9E	Darkest Dungeon
916D45D79BFE48696376DC0142DDC341	Shantae and the Pirate's Curse
9179DF01FBD18B2A8B66FB3AAEFC5DCB	Fairy Tale Puzzles ～Magic Objects～
91D039460355BE6889A08F673418ECFE	Eternum EX
91E72FDF0802355787B7C65023EDB7B0	Stern Pinball Arcade (retail only)
9262298831E63B8E4E80FA33BDEFB41E	ワーウルフピンボール
92834FBBAA62FA92B9D6B6D95DFC331E	INK
9284336297EEC0BD32FD06C9B0209650	Mario Tennis Aces Pre-launch Online Tournament
929EE3CA3AA0BF8F7CCD2214CB078584	Lovecraft's Untold Stories
92C184D0AC54EF0020CC0C88DAA7DBF2	ACA NEOGEO CYBER-LIP
92D30502E7AB9AAC9A82F9A0C8AE955B	Creepy Road
92D730BFCDFA82EED708DCDD0A3DD6CD	Johnny Turbo's Arcade - Wizard Fire
92EDE0C7C89D5ED13D0CA773BE080402	Ultra Street Fighter II - The Final Challengers
930F6448A069D4186C051401A7D00A9D	Joggernauts
932085249BB7038BDE194DAFFAD25726	Shio
933B3BC8D99424B4820934CB3A0E5DDD	ATOMIK - RunGunJumpGun
9341AA3BD4F457092E79DA2C1BBB4ECD	BLADE ARCUS Rebellion from Shining
9342798DEFB4C781E4624C9BCACA9BC8	Bulb Boy
9349210FA0267D208CECA1B424DCE082	Team Sonic Racing
935A15ADA9311BFE5CECB23DE756E2A5	The Deer God
935E13FC47C481C979FEA5B1CC318284	Wargroove
936A4F5B056371DE6DE20B82945C3780	Just Dance 2018
93761C6081E8EEBB4D3BAB7922B8AA02	Chicken Assassin - Reloaded
9378B4F9FFDA4CD4CED5FD32D72B07C8	Fit Boxing（フィットボクシング）
93BFACC047DF1D57E70EE11C8ECA904A	DEADBOLT
93C1C73A3BAF9123A15B9B24886B634B	Octopath Traveler
93C7D47B1C409F48B0B870EB0D7775C5	ACA NEOGEO KING OF THE MONSTERS
93D524B0A9B6B6116D6DB2E881261744	Happy Birthdays 体験版
93F32017A6AF2E56307B3CEA28C44519	ACA NEOGEO NEO TURF MASTERS
93FA958835AC3573C5186D5F5B0DB6B2	Cave Story+
940306557EAE82E8F7B3E3EB62A1E797	The Bunker
941F7DB0D58A72081817AFEA2230AF8F	Muddledash
94273FC8B5E593811C1022C86987A140	Arcade Classics Anniversary Collection
942FB969FA2B57ECF49AE5F32D47A8A7	Rogue Aces
94385799F4667FC55304697D8F49B8B7	VA-11 Hall-A - Cyberpunk Bartender Action
943DCF178C341D15B7CE7AA60F3D1AF3	Devil Engine
94451A2CC7CB24D9F3B67BB1EAA2489A	Crimsonland
94ADEF489DD19F1CD57AE194CF403C6C	Scribblenauts Mega Pack
94CAAF6C83EE682D358EB6183EEF7D28	Pokémon - Let's Go, Pikachu!
94FADFEC372E30B4620089BAD2AB19EE	Voxel Shot for Nintendo Switch
951457D7F0DB96DBAD5BB41DCB0E331B	The Walking Dead - The Final Season - Season Pass
951AAB6066AAEBE8302877641488AD78	VERTICAL STRIKE ENDLESS CHALLENGE
95C42E045B3EB474184488935A608219	VSR - Void Space Racing
95F5C828267E3FC60E2D712F5133A5AB	Furi（フリー）
9600BAE614E6833B1A261F5FB229CDBA	Mario + Rabbids Kingdom Battle
961351E7872F8EA3E69638AA0EBC9AA2	リアルタイムバトル将棋
963BF593BD4C79AC7A78C92880164883	UNI
964D412F44BC3DEBED17E45DEE58545E	PEACH BALL 閃乱カグラ
96794F2558A5B75BC0DBCC69AA0119EE	Super Bomberman R
968FD6E57894C931FAEFB9248B8E3104	リトルドラゴンズカフェ -ひみつの竜とふしぎな島-
96ACD4E6FB5B8490CB5D854040BA0674	Doodle God - Evolution
96FE86ABB9DFBD5008A902B00E0064CD	リプキス
972FE98F0F397E89009D8F087C194847	Super Toy Cars
973CD25021231A41649C3C87D0DBE36E	PSYVARIAR DELTA《閃速神機》
9768DE0BB7F81754F000E3332E653D8B	Dragon's Dogma - Dark Arisen
97871188A1D0E46D68636BB8A88725C0	プロ野球 ファミスタ エボリューション
979DDBB0007871DF85571DFD5703580C	OPUS - Rocket of Whispers
97BC09D92613E76145A482C104CE5FBE	クロワルール ・シグマ
97BCC51C1E39B4A461399DDD6104DF16	The Final Station
981237E16D51685D610B325EA1461F05	Santa Tracker
9830A306F22F2CF5EEC7AEE6A4AEB1AE	スチームワールドディグ２
983A2A343C307739DD59838FC76B2F35	Candle - The Power of the Flame
98532B895FF8A3847770916B577B6E9C	Football Manager Touch 2018
985A46398856EDA2CB95DAC50AEEAAC7	Flipping Death
987323D95ADF303B4B8C6E1A0173D61C	SteamWorld Quest - Hand of Gilgamech
9881E44A745FB672DA2656AC955DD659	Tesla vs Lovecraft
989FF2478DF600F4C39D11D45D21590A	光明之響 龍奏回音
98AE875E6CE18498F3E297934D8C00F1	ロックマン クラシックス コレクション 2
98B85AC7C889BCAC1544ADD4F9595658	Ultra Space Battle Brawl
98CB0D06FF1ACFB0DDB03CBF192FFE51	Atelier Lydie & Suelle ~The Alchemists and the Mysterious Paintings~
98FE2629463ED60672CE50BF891A5D31	Kid Tripp Demo
9903BC9D64B93F90B00AD10DAFB87C32	The Last Door - Complete Edition
993AC1F3383F4FF879FEA9A85677F9F9	VVVVVV
993B0B446253E7FDAAC3C1A7681F46FE	FAST RMX
99479B99053A22D7BD94ED36FC69128E	Hot Gimmick Cosplay-jong for Nintendo Switch
995EDD7042F23ABCAA2565DD4B8BCF93	Flat Heroes
997E1E03E90A018CC11E51C2CD3B8B19	Tower Of Babel
9981D3FEFD4BF67F30BCBE7E5AA20604	東方蒼神縁起V
99929714DC8571AB05F425F0735D1CE8	Survive! MR.CUBE
99B738B5A82C382EF7F6C88F9B90EDFB	Chasm
99BC00063137649B59F3ED344A0F389D	Splat the Fruit
99DC27D1AAAF8F9BE3875A2FC358B7BE	HANDY麻雀
9A0B842164723A3D3E96FEE7E3CF388F	DOOM
9A0EB71D95B2F2349C2818F3317F1911	マーセナリーズサーガ クロニクルズ
9A1517382E5F6AE0CEFC2F883445C47F	Nintendo Labo Toy-Con 02 - Robot Kit
9A1C361AF4B6E061C95513F9AD4DF356	Enchanting Mahjong Match
9A1FCD83E03D85F3145E4AE76F1BD29A	OPUS Collection - 地球計画+魂の架け橋
9A2BD2E09AD8FB682D88A48116C95588	ACA NEOGEO SHOCK TROOPERS 2nd Squad
9A767D29C5C39791DC677CC2E313C180	Ghost 1.0
9A8B2B077E791135413D8060E76958EC	Let's Sing 10 (ESP)
9A97BF93C51084F9128A399C96542570	Air Conflicts - Secret Wars
9AC6AEC85E004FD7D2B2A3940CF9C57C	99Vidas - Definitive Edition
9AD709CAFE15C07F70459D6F4E1C1483	キャットクエスト
9ADF46CD78FA0B188F2A83078DA7A56B	Gorogoa
9B14A53F8C49E5FB7FA30CDB54A5E3AA	Trine 2 - Complete Story
9B1E39855BD5E64D5FA8AF30A05B2D5D	Snake vs Snake
9B28E6FF1695FC45FBE509307176D956	ミッドナイトDX
9B6DFE57D64C7F1975A223A71054E2D6	Grid Mania
9B9531010AF6D5E69CD7FE9F63A64A10	Bulb Boy
9BA26D32C458D6B33CEB49B69B25497F	Spacecats with Lasers
9BC3377D42B0D85DE867E2D67187EFF2	アイスクリームサーファー
9BE2E7CC575C13232B849CB11C393CD5	Elliot Quest
9C0B48E85FBCFE38533E0E2D8E24FD81	Sports Party
9C1A9A17665B6DAF88414BB0AF24E6F9	ClusterPuck 99
9C39DB8F4E85425D32E9A1AC0030676D	OPUS - The Day We Found Earth
9C3CE8B2F9EDD7DD52573FFC640BA866	加藤一二三 九段監修 ひふみんの将棋道場
9C86BC50CF6A03961E3B2CC0E8B14DD0	金色のコルダ オクターヴ
9C91102E8A2680B821B79887D72B91DE	Ace of Seafood
9CE1EC8C5201EB96936373DBBC325C3F	Fallen Legion -栄光への系譜-
9CE8BB05457E73DDE8496C95A8152157	Trivial Pursuit Live!
9CEB5C5B8893297D7F91B0178B90A0F3	すみっコぐらし すみっコパークへようこそ 体験版
9D2694448C9F9B96D04B19F780A5D741	Mecho Tales
9D585A3096C25C8F6952B3215E25E323	The Office Quest
9D6C8DEFACDA1BAA2400A8018D108F0D	図書館ＳＷ・名作１００選＋α
9D76A03497DB91A84E868B9BBEB740CF	Polygod
9D776F5E9EDF0931F780D5EF9FFDDA42	Cartoon Network Adventure Time - Pirates of the Enchiridion
9DAA7FC507CF187C35793314C90FB2C7	Graceful Explosion Machine
9DC43EF1AC291030E05424484765D024	Reverie - Sweet As Edition
9DCBCB5782C0316F4A8955FA536ADAE3	スナックワールド トレジャラーズ ゴールド
9DD1451171C6A04600E0DA9CC0EC92A3	ドラゴンクエストライバルズ
9DE96EE84B67D281279E5522B6E7674E	Energy Invasion
9E0162A4B24923B4D4B06F2AAECC5B7C	GREEN
9E043A33A16D53354BA77017EC435160	ACA NEOGEO TOP HUNTER RODDY & CATHY
9E2A5260CC77462B720A866290153029	Project Highrise - Architect's Edition
9E3F843B8A7DEAC1B11350360651D8F7	Pure / Electric Love "Look at my eyes!" - Moe Yamauchi -
9E672A780E0890EA535C76A2A8C0AD88	Daemon X Machina - Prototype Missions
9E6B9DFAD77A43CDA3090DC198E88A0D	TINY METAL
9E9E6584A9D2886306A83E0271815615	レコチョク
9EB25E8F78FBFA6F9017004EDF7583EF	The Adventures of Bertram Fiddle - Episode 1 - A Dreadly Business
9F15F6D1D5555897EA5A2743DF71BC94	KADOBAT WARS
9F28C34B91E2B47AAFF97C7E94F57698	Demetrios - The BIG Cynical Adventure
9F4069D22E19AC784D88280DE2923615	GEKIDO
9FA54CA447AE736FC32AAE8B48AAB97B	Suicide Guy
9FDBE9AA7A25826355B814E529BE6F1A	ACA NEOGEO METAL SLUG X
A00A457E5622AAC6B17329ECA0078446	SNKヒロインズ Tag Team Frenzy
A00E39A5D4171915197DD8149D28D4F1	Arcade Archives Armed F
A01B294F835D08F7D40F85F6F8ECCBCC	NARUTO SHIPPUDEN - Ultimate Ninja STORM Trilogy
A023F28EDC0C3F9B30FF72ACD0DF6438	Tennis
A0735742BE5E93D43E79413DF4747AFC	Nightshade／百花百狼
A0A2B0817EBF0D89637D53488325D969	Tricky Towers
A0A73705EB8F6B209BEE8F461CCAEB4C	Eekeemoo - Splinters of the Dark Shard
A0F1A3C33652ECCADE5903385C2C0313	Shaq Fu - A Legend Reborn (retail only)
A0FC21BA989A0DFE470C0F31B5CBFBCC	Tachyon Project
A100C4D5ECA05F4826256D6D9098932F	Winning Post 8 2018
A10A7F86B8DF009C73938F290528B7C0	Slime Tactics
A1163C857120F2ED51D1A0C489857285	Dead Fun Pack - Penguins and Aliens Strikes Again
A129E52807C1C127F128B86315FB2F63	Nickelodeon Kart Racers
A13ECF4C064E8D90107167D3247A9A96	シンプル麻雀オンライン
A163CEADDB52B1CDB1BA2FBA73941717	War Theatre
A16962D52764564ED8BB4C78A9D22D52	BLACK BIRD
A18332D608210216D3CD45106FD5B466	ACA NEOGEO GAROU - MARK OF THE WOLVES
A243A5FC7D553A141133A59268057065	送り犬
A244BE0C68B41F10DC7C44DD62069B60	The Book of Unwritten Tales 2
A2452BE5C2FCD6B70EDCFB6EC22301F4	The Mystery of Woolley Mountain
A253EECF2E566D227008EAFA12CDE202	デ・マンボ
A2673BE70C1D9A65969402F8EF47D9D7	The Long Reach
A282CE99633B844E0497DB963451D670	DRAGON BALL XENOVERSE 2 for Nintendo Switch
A28465B16E89DA962874CA547F122F42	NeuroVoider
A29C3926C7AC223A657F1415D1C1D797	Undertale
A2A10D4EEE80E4EF69BBCACD5E58FC1B	Shadow Fight 2
A2F2A0F7AB630E01080F107CCB7B4492	ラッドロジャース：ラディカルエディション
A2FA241E33AEB4F926913B6329110E83	Dimension Drive
A34F326B5AF054B1FE2F5BA9DC2EF1AF	Stern Pinball Arcade
A35FF8970985F7101309715DBFA5CA07	DEEMO
A38A02E2C4A1F4B3687BC6F7C334693F	プリパラ オールアイドルパーフェクトステージ！
A39D8E379899865C355A2EF9D9067F67	One Strike
A3A76AAFFEDE351D21E358C17885AC17	Arcade Archives DONKEY KONG JR.
A3ACD43AF27FFE126BF3415DB7F524E8	Super Kickers League
A3BBA2FE7C279F9AE1D54D75A25E4045	The Mummy Demastered
A3CF3FC1419010DB5F58413A4D0CAA1D	Chalk Dash Carnival
A3F4294921CE8ECC74A2AE36A213C800	ドラゴンズドグマ：ダークアリズン
A44A324E8D26CBB6CF82F8E0EB20D850	嘘つき姫と盲目王子
A4EC9F78172FAF863DB47B307836ED02	NARUTO－ナルト－ ナルティメットストーム
A4EEDB00F71C30CE9126E47D7AB26BB8	Impossible Mission
A4FDB66A49E766AE43F5E942C71EFC9F	Guns of Mercy - Rangers Edition
A51170D34DD7559D53989D19EC298F59	本格AI搭載 銀星麻雀
A521974FDD6DBC0CE714FEF23D618110	Arcade Archives DONKEY KONG
A56BF3941C87F8153B3E2F3B41AF76ED	ACA NEOGEO WORLD HEROES 2 JET
A56F5F1127423E841515EF359E715C3A	Poisoft Thud Card
A57E7C70C4ED69544A11996C1AE94E21	INOPS
A5BF87BF754E95374596CE8B734CEB94	STARSHIP AVENGER Operation - Take Back Earth
A61C8B2E457E64CB14CAD20795DAD822	AeternoBlade
A648421F2864A0C71524EBE87D460BB6	The Elder Scrolls V - Skyrim
A649E7009338027FD891E0C39A8FE5A8	シスターズロワイアル ５姉妹に嫌がらせを受けて困っています
A65E700A3D5A5415E307F66969C27A28	ゴースト-1.0-
A6788570F632B8C2F0D11C291DCB9D2B	Yesterday Origins
A67942211CD1A968913B304D86B5486A	Arena of Valor
A6B784ED52A88C7078689F802B947D26	GUNBARICH for Nintendo Switch
A6C056CABE0E1894654A3769FAF6D11E	Captain Toad - Treasure Tracker
A6D85A452823FC08A691D537AB87C24A	Awkward
A6EC746914B41CB3D6A615B8B70850D0	ドラゴンクエストビルダーズ２ 破壊神シドーとからっぽの島
A75FECC208B3D32B941379A137A9C2BB	NEKOPARA Vol.1
A791D2A38E562918057FF5A043619A5F	SlabWell - The Quest For Kaktun's Alpaca
A7AE225E726EB89C8C72CB0A29B35E95	アルケミックジョスト
A80B44983C24B9B54732EF60B0FCE224	死印
A81BD4AC72F49F96AC346203E55ECEFC	Alchemic Jousts
A823B2AC4BB8D752EA8C4F30FD81ED29	Horizon Shift '81
A8271399FE2B02E45637F655563065EE	Arcade Archives NINJA GAIDEN
A8274DE58BA2438BE889C8D6D67EA7EA	One Eyed Kutkh
A828934AAB5B7A30AA0CFF0F3EC41FF9	Legendary Eleven
A82AF9DF68DDF410FC805C23D95301A4	ドタバタ調理アクション IT系ラーメン どらす
A84BA2ED282C5578F99A6215C58A35C9	One Piece - Unlimited World Red - Deluxe Edition
A8633032B5D9431929471511F1182E2B	ギア・クラブ アンリミテッド2
A8BD78DB6D3E9747F7D5EDF7B45DF848	Piczle Colors
A8DB142752795E03E658F3F607808A45	ティンバーマン VS エディション
A8E65D6A2FEEDBA410C78D11175C39BE	Odallus - The Dark Call
A90EFCEEB5E4E4C3BEC0CC17E2E428ED	Arcade Archives CRAZY CLIMBER
A92D16BB5508F230B2FA4495EC10014A	Tallowmere
A932651C0DCF25ABC16C84103B81F88E	Redout
A955005FBC9B6FBA040FF8C9D83FB40B	Vostok Inc.
A95D79E06DD82E411AAB054D9A7BD386	Die for Valhalla!
A95F5D3D672FD49B39838B896A6E29AD	SNK 히로인즈 Tag Team Frenzy
A969CF175FCD1EBA496E1F4D75878C9F	마계전기 디스가이아Refine
A96D1423A020C20A7192134405CAF951	Jeopardy!
A991D970662EB494427211B1E83405E9	SUPER DRAGON BALL HEROES WORLD MISSION
A9BFD94E7AB18A56124577D19469A92A	Operación Triunfo 2017 (ESP)
A9E24F394AE43E11A3C025167DD033CB	アペリオン・サイバーストーム
A9E86CE9ED58BDF36758B5F405282603	Toy Stunt Bike - Tiptop's Trials
AA3BC4F3541A0FFA21303C004F543B52	ぷよぷよeスポーツ
AAB26C98BDECFA292BC289C19AB5BB2A	Rock of Ages 2 - Bigger & Boulder
AAB71F6B3015579BB9C984ACE99B90D3	Rally Racers
AAB871862EB97C55424A6DF2F997FD57	Super Weekend Mode
AAC1D37F0FCFEF9E4320592BDD2AA9A7	Crashbots
AAD716156A5D7956E4FAA9E5B3A5058F	RIOT - Civil Unrest
AAD809EAE7BBE85CA92CC94D5B98696D	L.A. Noire
AB0EE7FD392B10A7401085983AF70F10	戦国無双 〜真田丸〜
AB15FECADD9DDF9CFDBEA7E54CF2CEDD	Violett
AB2B33DBCB2AC13611CBBB0A57BA7A59	Catch 'Em! Goldfish Scooping
AB54B04A70D8CA9851FFDEE1984EFFDD	Fernz Gate
AB6FEC74ED9A7F4A62BEC130B7C33393	Vegas Party
AB9D59D8B9DCD6278DD6CC3120FFDA00	The First Tree
ABAE36E0FA5B4F71DC7979E182AF1B81	LEGO NINJAGO Movie Video Game
ABE0026C53755FAC97C1DFC5D948690A	Giga Wrecker Alt.
AC02AA69728B919FA05353B10713691E	Disease -Hidden Object-
AC0F641AF6D3A018CC6910B1787620CB	ACA NEOGEO Money Puzzle Exchanger
AC6657EA568FDCA728B951512B6783BA	The Jackbox Party Pack 5
AC8193BD5146A9A0752EB43D733635E1	Cycle 28
AC8217D552D91C8455F5F4B2D4EC75D9	Paper Wars - Cannon Fodder Devastated
AC822EC8B526556182A8826A759953BE	Totes the Goat
ACBBE61954C70B596150E8EC00D4D105	ACA NEOGEO SHOCK TROOPERS
ACC2271CC341CC72EB0B641467FE8D5E	Vesta
ACC991A5D3BA0A4B4D4F92F24199641B	Realpolitiks
ACCE71C634CB9F7935917497E5E282D4	SmuggleCraft
ADBD1E45A3E10C352655545432E8C09B	Asdivine Hearts II
ADBDA445427A4E81920729B168C36C6E	信長の野望・創造 with パワーアップキット
ADBFB3B639BA1E5002733944F6CD2F54	Johnny Turbo's Arcade Joe and Mac Caveman Ninja
ADD0D94EFD932612387221ADE702936B	Energy Cycle
ADE8B97BC8F67AD42B03EE7E31948F03	Alwa's Awakening
AE049AAE74951BAE7B580EEB87980485	Battlloon
AE4E1983C1AE9C5E25AC4AA7F28BE28F	Arcade Archives Traverse USA
AE5353B1C523604146080EF7EAAD109A	Star Story - The Horizon Escape
AE585E15939717940EBD3E9B71F24D35	Toki
AE8B2ED82DE7501780B23C57DCE7EBF1	JCB Pioneer - Mars
AE97841C4CD6733E57D61B0EE4CE20D9	Mario Tennis Aces - Pre-launch Online Tournament
AECD440F480D4C7860669BE4CA7BA3EA	Star Ghost
AF0B599B65119C2C17EC0A4E0DC42D84	Penny-Punching Princess
AF1234BD9ED6E155E58B8EB025B2C7D1	Knights of Pen and Paper +1 Deluxier Edition
AF3FC938C4E8919F0DF6DE725C2C4A64	Burly Men at Sea
AF436FAF81FEF8909C944F219865BEB1	12 is Better Than 6
AF5F85D008194C12CC8175667DAEBE5E	キッドトリップ RUN!
AF92B7A16C36C3E5DE1C76E5B20E0421	Starlink - Battle For Atlas Digital Edition
AF9CC3C97938B51955EC2834487A7265	Phantom Trigger
AFE08B155238CCFE419B3488A6A39665	ACA NEOGEO GALAXY FIGHT - UNIVERSAL WARRIORS
B025447DC4AAB086A2EFB3E9B956D537	Power Rangers - Battle for the Grid
B02A0599766C00497E69228340E2C07E	Anima - Gate of Memories - Arcane Edition
B0444AC212892F1E718F3F7A1C86D3BF	Defoliation
B053E10B09FF519D5B2A6E3DCDE9130C	Defunct
B069D4031F6AE4B5430DA56AB440E39A	ステレデン バイナリースターズ
B078B511A5B781471916CCD172F8038E	Yooka-Laylee
B081DFED2329B23C78E674EBEEF4BE05	ARK - Survival Evolved
B092BBEA225C45FBD829FFCCC778A5D2	ACA NEOGEO THE KING OF FIGHTERS '97
B099B242D4A5DCF79D2F6A4B0118F787	Völgarr the Viking
B099E00D9334CD4FA8D0AF26648421C6	MUJO
B09A54EE65C6EAA6C3413B1C84552BF9	Onigiri
B09BDC6955AB3EF379DFB3E5796C087E	Defense Grid 2
B0E5B782C24D329D4DA0DAABA6E24EC5	Crawl
B0E8D49973A3C2E9937A142659811474	Goosebumps The Game
B0F288ED2648DCCA9FEB18537EBD4447	뿌요뿌요테트리스 S
B0FAD94553459C934495C52E2A3EC935	TORIDAMA - Brave Challenge
B15AC602DB0CA8FDDFF079020DF25CEB	Retro City Rampage DX
B189E7FDF30356EC7B08C94ADE944BBB	Wandersong
B207D21D9C446199C6E2B3774D54FA87	American Ninja Warrior - Challenge
B20F4AE70C49C86874379580F62DCA5F	Nefarious
B20FAEC679A3A9320864DC374CFB9713	Kirby Star Allies
B2206043C55004533350B89BF1FE7BD9	ATV Drift & Tricks
B2898E07333C1E684D5F6746E79F7D57	WorldNeverland - Elnea Kingdom
B2AA81D02C39303EBD04D8D7F246F34A	DELTARUNE Chapter 1
B2BD6413B8C0F4358723844BA56F77F3	Plague Road
B2C47907798A09A8B199EBCA185E291C	Alteric
B2CC03DD8C7979B27AEC5D7AFB90C895	Putty Pals
B2CE92F671BB274E295E6328A4809E74	Modern Combat Blackout
B2D980FDFAE48A59A5C978932D59C1A3	All-Star Fruit Racing
B30A338E18929D6B0089970193D6431C	Disgaea 1 Complete
B338C6CE1EE31394DC95AA07365A7794	ドラゴンクエストⅩ オールインワンパッケージ
B38A4AF9A528D4ECA0297A7A7773E1EB	Scalextric
B391F3A1F86E95BFDD401EE0C3AE3415	Nihilumbra ニヒラブラ
B3C3E7BB605EB5A9F43D82368C00A682	Old Man's Journey
B3D1587926667F4C73EB8BA6351CA47C	かいぞくポップ
B42B7076B09EF4E5F919D67A7DE23CA3	New Star Manager
B45DF781B160A06D838FD4A8D2C28D4E	刑事J.B.ハロルドの事件簿 マーダー・クラブ
B47B0942DA9FBD3ED6BD97F1D4E0DA84	ACA NEOGEO WORLD HEROES PERFECT
B48F3EDFA6F403A932E9C458230D9D29	Labyrinth of Refrain - Coven of Dusk
B490DB848CFD66014DC6FA885BD435EF	Conduct TOGETHER!
B4994C9A0B80AB0982AA7C54AE0300B2	Moorhuhn Remake
B4AFDAE2B9575D4DD0E2C589EBD2D66C	BIOHAZARD 7 resident evil cloud version
B4D7F6A6DE1A2723E01C65C1C14B7B4F	Captain StarONE
B4F393A11988AFC76FDAB5F371B7E27C	GALAK-Z - Variant S
B4F4A6AE3FA678687CD68A2F46594945	限界凸記 モエロクロニクル Ｈ
B53150A0F40627DFF6251293D79F2278	光明之響 龍奏回音
B5326B1E58931254287CB2E8DA86D794	Super Beat Sports
B5405DBF70D7E6D1718A254DC0D3E007	Arcade Archives MOON PATROL
B543A1A17A32E1E94395B2E02E130FB2	Battle Group 2
B55344A1E018DFA910A4B02108412E17	Trine - Enhancted Edition
B562FBF831DED9A995A48324FB946776	Resident Evil Revelations
B565240121DD438B887EA02744FF05FD	TouchBattleTankSP
B57F7A2213FCAA11D84D72A296F719A8	Ludomania
B5C69EEB5BEA415880FC753C7BC7F535	Beekyr Reloaded
B5CD1608FE60D900D98D0219654ABF90	アサルトアンドロイドカクタス プラス
B5D736A41BFDD8F1BFFD1223EB616B5B	Maria The Witch
B5E6B3618C9D29F467D856C8C918FB89	Cook, Serve, Delicious! 2!!
B652B96DC77DF5AD84EF6EDC98D80AEB	de Blob 2
B66367FB9699773842477C78D8149282	SpiritSphere DX
B698A8BAECF292B9E0FDF66A777A9A9B	Bloodstained - Curse of the Moon
B6C5E6753B8C20AEC89FF023D94D0C45	スチームワールドディグ
B6D46AE8031635ED27F8B1EA75A20389	GRIP
B6F13F8415088A0736A59A9CD809BD27	タンブルストーン・デモ
B729BB4DE9CC6F827A5633512C9A128A	Unbox - Newbie's Adventure
B7484CBF8E543B918A37D15859072B07	NAIRI - Tower of Shirin
B760D6CCBF963ECD0B2D32260F75722D	Darkest Dungeon
B7801D6B24B91DFA167016C95774C72B	ACA NEOGEO Gururin
B7AA0FE50BB7D5A020DAD123C1A2A079	West of Loathing
B7BE8D62C75F3BB915851E54989C9131	Warparty
B7D8206EBA3C20AE8A0529F6DAF81E41	Scribblenauts - Showdown
B7E1C5A33906F682E3E3372BE2CF4A95	Robothorium
B7F63E934AA4D000F83E9F9F77BF47B0	エース・オブ・ルフトバッフェ -スクアドロン-
B80019866C1F916F45B0071B4A5EAA2A	Othello
B80EA2FC88760E2F2316F147254F42D5	Spelunker Party! Demo Version
B8142C12EEE50D39320F225B7E6998AE	Smoke And Sacrifice
B83356A389E380E6F01357090167F711	Danger Mouse - The Danger Games
B838307BDF1D699D54F3FE3D2AA9D487	ACA NEOGEO SUPER SIDEKICKS
B8700BACA2A7C8E0509297C540E4755F	Mana Spark
B88524B0DB07048CE1DCF666704B6133	Goosebumps The Game
B88DE87EDF442C3851CAB5A169075F71	Iconoclasts
B8E0D8D38E0218B6A441B187C2BF6502	INFERNO CLIMBER - REBORN
B8ED589F70A48CEF6ED64737458F7892	DYING - Reborn - Nintendo Switch Edition
B8FB582EF7E9442433EFFC308A93CD77	ACA NEOGEO THE KING OF FIGHTERS '98
B91ACF2C86BF7B35F06B2BCA36ABA95C	Death Road to Canada
B934DC54584BF9D4445EFCBF14A74585	NO THING
B97CD6C3D8F2DEC2EDA9968FB0E82A72	클로즈드 나이트메어
B98640BD6546DDB78F0CC0BF881247BA	Deployment
B9CA2278025A7707FE11C7E26674FDB9	PAW Patrol - On a Roll
B9E561D7E8479E89AA61FC8BA62458E6	Dark Witch Music Episode - Rudymical Demo
BA38CF6E861CAA312652C2296B28927C	911 Operator
BA4C9C6438DD1699254FCB841C606214	Miles & Kilo
BA8E0FCB931BBA7F76DCA06732EF9A07	Mario Tennis Aces
BA917100C10071CD67432CA46E644F79	The Journey Down - Chapter One
BAA79861698374BC49FA93E4A9308745	UglyDolls - An Imperfect Adventure
BAE1E4F52C92EDA4867A67DC7DBDEE43	レゴニンジャゴー ムービー ザ・ゲーム
BB0DD26446ABE2AC6200AA71EDDFE6EF	Fitness Boxing
BB24C3E42BA560678A476C9AEAEB8857	Furi
BB25D3164F194C75811FB7749DFF8234	Little Dragons Café
BB278FDC5DD434CF8F30F224CFBF517A	Has-Been Heroes
BB59BA50B4B529EC74388B9232DFFE92	Fe
BB94A4F7A98363EA778A47A67857CF7D	FINAL FANTASY X/X-2 HD Remaster
BBB46E39994B1CD014BEB77E7BC1EDA3	At Sundown - Shots In The Dark
BBE6AB1D495F25833B79913ACFF62AA5	VVVVVV
BC0215ECA5C5AA093BC374A529AC8094	Fishing Universe Simulator
BC11DCE28140A940904FC80FCEC783E6	Avenger Bird
BC558EA9A04BBDCDAC78574E4C8BB483	Pato Box
BC64C764263EA83084D00FD01C85389A	World to the West
BC87DD48FBB89D1DBCBBEEDBFE901A4A	Super Phantom Cat - Remake
BCF0BF1F90F84273660ED0C37CAE5B57	Cluedo
BCF5319975E7C3183B83C873E55FB063	Pocket Rumble
BD0E7D5235BE8956C727AA4CED0452C7	Shovel Knight - Specter of Torment
BD0EB87287646F662EB9875856FE05AB	Donkey Kong Country - Tropical Freeze
BD11EB5B03803636B4591258D1AF6855	Anima - Gate of Memories - The Nameless Chronicles
BD423E74AC61BEBCFA2FCDC31BF87F6B	ソニックフォース体験版
BD459C2D9C0CEE597F0C92422C740ED5	Holy Potatoes! A Weapon Shop?!
BD525BF1814D0B65C55707FC7447AB0E	数学力王 中学２年
BD6F592EDCF46B227E2BA512584C48EA	V.O.I.D.
BD7F8465405CD4C97CB9318C4F6261E5	Windstorm
BD9BC6E8A29D8098A4A68A523B857E46	NoReload Heroes
BDEF43CFF98263C40129AA1B75D6580C	BlobCat
BDF2005378AB59CD86B5A6DC9FA18CBE	Frost
BDFF19D5E5440D458EEE357E644B4A95	サッカークラブ物語
BE865296C91C498F66B5C64C06175072	PLANET ALPHA
BE8D6E1941D4ED2A4405DD77C1B0CB30	Cytus α
BEA6E66402D097882F0C2894299135DD	Ayakashi Koi Gikyoku -Forbidden Romance with Mysterious Spirit-
BEBF5DC17573423D71C0BE0A3561620D	Prison Architect - Nintendo Switch Edition
BEC17EB1C63AB782DA0CACC9DDF9924B	Grim Fandango Remastered
BEEEB76EBF9835BC58FEDE0FAA39BB9B	Sky Gamblers - Afterburner
BF1EEEA72B604C434867DB51587E1934	Hyper Light Drifter - Special Edition
BF394BCB56D17CDAF43599EC3A1F605F	The Escapists 2
BF48F89B0EE1A3D5416613D00AF26D0A	SAINTS ROW - THE THIRD - THE FULL PACKAGE
BF6E585D7018962630F45DC46A564122	Bit Dungeon+
BF8B423169A80825B3832B694E38C6B4	BOXBOY! + BOXGIRL!
BFC3C437D9127E3A7615D2730D36724F	Minefield
BFF7F5099D904494F64DFC98743C1B86	Touhou Kobuto V - Burst Battle
C013825351534E03493E94D44050474C	A Magical High School Girl
C01C8C6757B9E0460E0190A8956CD7B2	Spheroids
C036798FE29F5A472306B6E4F3BB6282	Monster Loves You
C039AAA1B68C46C061A232F174AF9770	The friends of Ringo Ishikawa
C03E095F9203F2BBA6F5C81A4A4EE0CC	探偵 神宮寺三郎 プリズム・オブ・アイズ
C05664BE07AD098E005A59975B5B41EC	Mega Man X Legacy Collection 2
C0A1A8EAE431BB0FDD22F40181EC7736	JackQuest - The Tale of the Sword
C0A47120C546236B9BBA54B10415B9F8	Destiny's Princess - A War Story, A Love Story
C0A771DA35FEA8B9400647F18EA0169B	Axiom Verge
C0A78597A50E33173F63BF19B17549D9	Darkest Dungeon
C0AEF1BA22A9BF15B0BE4A84749DF050	Assault On Metaltron
C124B99FED8FD4870C2416BF7034E93F	Code of Princess EX
C12B1E3DCD8B7FF99668AB64B7F9D79D	Sparkle 2
C141BE261D937AE59BEA0E7B82572060	スーパーガチャポンワールド SDガンダムX
C14E2378AC8EB05B2A1CCB58335FC2BE	シャンティ：ハーフ・ジーニー ヒーロー アルティメット・エディション
C155F6CAD6F36C7450C0824562CB3BC6	GUNBIRD2 for Nintendo Switch
C15A47C7F7B07448C8F2E3BDF73AD439	NAMCO MUSEUM
C1D1FF992E41517DCA00C645D5A13F1D	Agatha Knife
C1E3E2BF0F0C37D81CA30D78E64FB980	Drone Fight
C1FBC2900394DCCF0384A273776CA7FF	Keep Talking and Nobody Explodes
C223B7C692B201C82AA3A4A87C6B8D59	Coffee Crisis
C2511AFE4614FD1E56FB8FC35A5E3874	Earth Atlantis
C2623E3E5A5FD38F17F28F5DAA2E4C47	Tachyon Project
C27FDA10AA0F63B45FF8EF9A67314C62	Discovery
C282F5E80052E947D8EEBBF6DD25A196	ROCK'N RACING OFF ROAD DX
C287086D43F237486CEE4737330238E6	FruitfFall Crush
C2A447E4828CED8EECFE0597524C45CC	Rooms - The Adventure of Anne & George
C2B49A475DF5A340494292A1BD398579	Stardew Valley
C315AEDD423301AFB9A3CD4D4237F433	Behind The Screen
C32B7B3E7C656F5366843226D09AAE5C	Shining Resonance Refrain
C33B823CE199779FD3A7722EDC1C67C8	Just Shapes & Beats
C380B40E06875C10E6CDF915FDDBBB7F	Reigns - Kings & Queens
C3B4869C14F86DE0A1D8CB153002F6B4	PICROSS S2
C3BF3EBBBBD380541A64E05E198F5585	Rogue Trooper Redux
C3CE7C25D51CC011A63C793583012313	Milanoir
C3D4455EA8573369AD33ABB37B4888DD	わくわくどうぶつランド 体験版
C4398909C53BFEEDB9EB7D3128DB2DC1	Super Chariot
C46BE5741BFDE75BA1110C84E61676BA	Nintendo 64 - Nintendo Switch Online
C47344FB9271D9DE155D155FC7BC27F4	ANIMUS
C4C3EF8F64C4FDB30C2F481D9097949B	Iconoclasts
C4CBBF0D3387FDE65DA305B2D8CCF639	ストリートファイター30th アニバーサリーコレクション インターナショナル
C4CE9877B8D0D9A908860FCA32F2722F	Super Star Blast
C4E9854DE59E1AAD6BFE8091E8A5B77D	World of Goo
C4F503DC0DD6C2C2D7CBA288FC9B6284	Quad Fighter K
C4FBB6D302C7912DA9FE2B0A94594C91	NARUTO SHIPPUDEN - Ultimate Ninja STORM 2
C501D2C07279D7CE707FB1507FC6BDB5	Cosmic Star Heroine
C51293948B3B9EB2CF99ABA1B62D91F9	仮面ライダー クライマックススクランブル ジオウ
C541624DD3CDC0A1202DC5580B8CED47	Warhammer Quest
C542206E2533D9A7960AB937FB1A2B01	World Conqueror X
C54522FA45D9CF311EAFB87EEBFD5F89	Squareboy vs Bullies - Arena Edition
C57722BCA3D76018529DD7D1A46BB144	Monster Boy and the Cursed Kingdom
C59DCFDF361FAD69DA45253F8DC46F66	Zombie Night Terror
C5B4BB5E2EBB8B656189B5BF4A5FE735	Hand of Fate 2
C5C093A2D7FED71F31FAF57513290487	タロミア
C5E48D59F1AD04D4D19B354B1DEFC5F3	Use Your Words
C602FC9B7380262982B1BE2183749343	The Stillness of the Wind
C616B031331154665D639EF16DA76BC0	スプラトゥーン2
C621371169DA6D17AE94714B4435AF16	The Journey Down - Chapter Two
C62FC8634D32E061DF5AF2BD041418A5	Super Saurio Fly
C67DF747D3A3162D98DE750D16374003	Jolt Family Robot Racer
C689313FCA0428D0A02B7CE197724761	Nintendo Labo Toy-Con 01 Variety Kit
C712688DCC64EA847CCCF2E9237FD4FF	Binaries
C74711975E694A5FE937559ED5BB452B	FIFA 19
C7519A702BD747B2FB3AF09102F75458	COVEN AND LABYRINTH OF REFRAIN(Korea Ver.)
C7ADE00245640E1F8BAA1789742EC7D8	Mercury Race
C7C3CAEB6C50DA2C777325EA990171EE	Katamari Damacy REROLL
C7E6210BCC993E131C6B11EC9D38E3E4	Happy Birthdays
C81A1CED7AEE6C4D2D20231C26A4068F	Hidden Folks
C81BE7E20514C73B440CAA8261D4F722	ロマンシング サガ2
C82761AD73597AAF3022A3E47BE09C91	Dungeon Rushers
C829320F8387F317E44EEC62655F512A	SEGA AGES Thunder Force IV
C8664D3BF2F55AD0B624CA261A6A3D8E	The Bug Butcher
C87DFA6C32146B4F4A45FF46EE16EA80	大正×対称アリス all in one
C88B8E33F55D5D6B7E033C65E07D336A	ゴエティア -千の魔神と無限の塔-
C8B7981A1696C508F7A1F9E95BD4BEB8	Monster Energy Supercross - The Official Videogame 2
C8DEC766058786A4B915D833A681A55E	Don’t Starve - Nintendo Switch Edition
C8E800FDB983D8679428770B0E3E2A39	Aqua Kitty UDX
C8F8F89F4F6DD2E9206B07B8CF5BB1D7	Pikuniku
C90CA799DA85550BD2EA22F8C8702713	R.B.I. Baseball 17
C95C747CB2C54E3E67C422FA74E8D054	Ice Cream Surfer
C976774AFC3DDADAEBB8D20BE1F398FB	Furi
C98E67C171A444427AF290122FE7CCD2	Nuclear Throne
C9F2BC7618C694059E0B40F0EB6F6AC9	ACA NEOGEO AERO FIGHTERS 2
CA052EC646E27AE6EC6B3AD84B15FC32	RIVE - Ultimate Edition
CA63AF28CAFDFD2BF117E5800B8A41BA	Toki Tori
CA6A0D1FB6094220C7DD4763CC02F623	Reverie - Sweet As Edition
CA7E30CFAC0673B0560F8CA7F07FE195	チームソニックレーシング
CAA1BB4E08FAB1A602C7311A4BCD3C18	ACA NEOGEO SPIN MASTER
CAA885ABC558F64769449509F92EAA0D	WitchAndHero
CADD335BB4E2391BA875E491D99F1D2E	Mecho Wars - Desert Ashes
CB15ABA5AC10BAFDD412E4BCF3FE3F94	Realm Royale
CB218A40CCE9717CC7FB25BAABC30046	RIVE -アルティメットエディション
CB5F3434FB48DE8448160A9317273DCA	GhoulBoy (グールボーイ)
CB64A9035651BD7223152CA0713E2CC5	說謊公主與盲眼王子
CB86CEF1B5184F77EDE9DE9F54D38089	ZERO GUNNER 2- for Nintendo Switch
CB957DE8DAF7ED9876151ADA3DB0B537	Frederic - Resurrection of Music
CBA841B50A92A904E313AE06DF4EF71A	Splatoon 2
CBCE0C750F9CBD933E2D9C08412776F6	Build a Bridge!
CBEDF6580D704132E0F62B7ADBB9618E	City of Brass
CC23FE16ED9C2103FA20D2E1529EF824	Nuclien
CC327EAF8C72DEEF8095B1830FE31FBD	Puzzle Box Maker
CCA9ECB3441E051A56CC4A94B59CABAA	Whispering Willows
CCAAB46D5A4C0746873DC0CFE2DA35C5	Saboteur!
CCEDC303A10E12BD1E640CDDB854B7F2	Bit Dungeon+
CCFA659F4857F96DDA29AFEDB2E166E6	Other
CCFC658C30A93A9DA26C96B6FD35F0E0	NORN9 LOFN for Nintendo Switch
CD0626EEC8F3F550555920AC62B4A285	トトリのアトリエ ～アーランドの錬金術士２～ DX
CD74A00A69C59710ACD708BE7E1E38E2	Wolfenstein II - The New Colossus
CDEBD86349BD8A509BF4D68C9CDA7D81	Shift Quantum
CDF090CC76FC231E8A2D1E5E910C8CA8	Dream Alone
CE45D746FA5E3163BD2690796B71FE14	Super Putty Squad
CE54AF423EC089F7262EAC799A1E4540	AQUA KITTY UDX
CEC733496FDC78468E049C1E16F129D6	Debris Infinity
CECF6FBCEDAA7D78E43C0E8AA00E17BD	A Gummy's Life
CEF26A60CACE59966D36FA9E6EC32DAE	Deep Ones
CEFC3C98DB2C7F022908783C9AC013AC	THE Card - Poker, Texas hold 'em, Blackjack and Page One
CF035A1DEF1D6DADE285B7ACA9873642	DOOM
CF11CAF001FE1B14A91FAEBB0767EFD5	ACA NEOGEO PUZZLED
CF18F30BF66FC752ABAB838588ECB209	ロジック麻雀 創龍 四人打ち・三人打ち
CF1D21B6B8BC2F6EEEB2F6891148FC2D	Ninjin - Clash of Carrots
CF2B4D10D9F37CAE6120EE72FA82E1C9	進撃の巨人２
CF5127A998BA06272985750151B2C479	Solstice Chronicles - MIA
CF5BBF76C20191F314A74C7CAD74D7D0	She Remembered Caterpillars
CF5C7C0AF5FE80AEE766E647E32755E8	Super Hydorah
CF60C601838B526D6DF5603E3E6C10D3	ガンズゴア＆カノーリ２
CF81B0B6F1EBD79FEBE91BB281A332F5	Alvastia Chronicles
CF9226A24E8BAE8D97EE9A6E348101C6	Spellspire
CF9536F8394EE38A9CAE61977C88D9B1	ACA NEOGEO THE LAST BLADE 2
CF98809EEE1B5F0F290A324B0E558A46	SONIC FORCES
CFAF887C9875CF3583E26499954EFD66	Carnival Games
CFB6B1042827E22CF44392BA1A7934ED	Shaq-Fu - A Legend Reborn
D024884AB373FBCB168B56F5E8B0E3D0	Snow Moto Racing Freedom
D02D58137844CD4B939CD3571BCB8355	SteamWorld Heist - Ultimate Edition
D0B9AC9357A3561F8D041C64209A70F0	Strikey Sisters
D0D1FD5D1C6CEA47DE7261E211A53786	OCTOPATH TRAVELER - Prologue Demo
D0D3A9B76309EDC4C1CD5C03C302F426	Splitter Critters
D0D68175656B17C20989D593A9BEC89E	Ginger - Beyond the Crystal
D0DCB563EC374E83FAB3CFB868B120E2	ファンタシースターオンライン2 クラウド
D0F42BD3CA0C05BB6464DC7C5A6207C5	ネルケと伝説の錬金術士たち ～新たな大地のアトリエ～
D10D2AC2AEDE4E2D25CAE46B7E6326A0	Darksiders Warmastered Edition
D135745E3BC7512CCC36BD86BC76619F	Cinders
D14784BDB5C107458659C355180F7B61	SDガンダム ジージェネレーション ジェネシス for Nintendo Switch
D14B5C54F4BB20BE5C92599F7911004C	Oceanhorn - Monster of Uncharted Seas
D15A5E341B6C251E8D1EBD967A64DD73	POOL
D182BCC1C1DDA60D789873B2CA63986B	グレコからの挑戦状！計算の城とオバケたち かけ算
D19109F46BEF57241CF9C038BA2F47CA	ACA NEOGEO NINJA COMMANDO
D1997608258569F211E4A950A67A764C	スプラトゥーン2 前夜祭
D1B3DCA6B224AAEBCA9A574D94667793	Winning Post 8 2017
D20F3BF4579646175535A2EF540FCB29	Physical Contact - 2048
D236141055B05757F2A0C8F3F183469E	Gate Of Doom
D27D9A7941148AAB41D9F68B6E983975	Captain Toad - Treasure Tracker Demo
D2838A145E672B9E707E3C857A93AD6B	Ninja Village
D285BEBC5AE6AA7EECF0ECF4BBEFE2A3	Werewolf Pinball
D295166843A489F2E859254C39FA0353	Arcade Archives ELEVATOR ACTION
D298593377BB998EBC5558B0CBC6DBA4	The Gardens Between
D2B0398825E85C8D11A770362F457A8F	Arcade Archives STAR FORCE
D2D67819A74F3FEC89E0F91B847BC794	Trials Rising
D2E61CCD327EC977C44A945C9A2D75A7	Azure Striker GUNVOLT - STRIKER PACK (retail only)
D2FDB1C4A65484CC21FE51721D34C920	Another Lost Phone - Laura's Story
D3070400FF9A22A8BE9F58CA4AC9BA3C	Raging Justice
D30E1C2C7666B65122781E72D3DC0467	Cuphead
D310B6285A0A71B859A1E34AD9F7C457	Trailblazers
D31988949C609FC3B6FD6AEFE9830EBE	Disgaea 5 Complete
D321B83F1FFC47EF741B7B4CD28A7C87	セブン・ビリオン・ヒューマンズ
D3222E5BA089F8A5291D65BA792EF2FF	Old School Musical
D39AB526E1C0A2CD23E170CA8EA92E1D	わくわくスイーツ あまい おかしが できるかな？
D3CD110FB5498811AE0527D551D0C072	Worms W.M.D
D3E467D414F36DD341DD295C37F51FC0	Golf Story
D3EBA5BD8BBC6C34833977607120374F	Woodle Tree Adventures
D3FB1CE4547D3E61A3F1A0D13A54B0A7	チョークダッシュカーニバル
D4241FFF96E35F41FA9240493AFE5127	Mechstermination Force
D42DB0D781FDE9A1AFF8960A77034DD0	みんなで大富豪
D448BF4C5B9840F3A32D20B46111A4E4	Firefighters - Airport Fire Department
D452EFC6CE15EAD10B848C7EA3D2CECD	迷宮の塔 トレジャーダンジョン 体験版
D47C184C9C3B1A5AEEF29F30CFA9D2E5	Serial Cleaner
D494DCFA84986FC3A5A8BC174F930253	Dig Dog
D4AF2AB4060BB7F6E0DC9012F34A25BB	Sky Rogue
D4C416F359C312035A8122D9544B987C	Moonfall Ultimate
D4D63B5B034258311F243102C3D327AD	大図書館の羊飼い -Library Party-
D4DFEB2A86C8E2A460B41C59FCEB784E	Oxenfree
D52BDCC7C92D327111724138C03F8A11	Sky Force Anniversary
D537C2F4CAE9F1F822696AA5C9503C7D	The End Is Nigh
D553E04073EEEFC909510E985B39EA48	Fate/EXTELLA LINK
D56C2B76C26FD2780610DD049B9CA2A5	White Night
D5AB138B1A3F48EBCBDC74D0A60BFCB6	Persian Nights - Sands of Wonders
D5B33970F49D634552DFAE6D352D1C7E	Sushi Striker - The Way of Sushido
D5B5DC33CA83C4AE185D0D5C79866263	SUPER PING PONG TRICK SHOT
D5C3FA594B9A86A90A08EC95B8BBD170	Spy Chameleon
D5DADDF716824851E60F85E9C83FF7DA	ACA NEOGEO REAL BOUT FATAL FURY
D60902322D2E370E1F56EF5FFD588633	ナイト・イン・ザ・ウッズ (Night in the Woods)
D63E17C46042DA181AB52DA9BE8B154F	Syberia 2
D6591650A627D3666032DE2AA990D22B	Soldam - Drop, Connect, Erase
D65F9DF1582B45C7C56D80F70FF52557	Pumped BMX Pro
D68420565534B987E19AD0B7C35FA3DD	Calculation Castle - Greco's Ghostly Challenge "Subtraction"
D6C52CAF2AF3FCB943CA415010B7284D	Flipping Death
D6EBD5082125FA2C67BD6F70912AE0CD	YUMENIKKI -DREAM DIARY-
D6F3EB1178A90392C0B8A57476DADED0	Axiom Verge
D716EF3680A737910ADABA07F1E3E4E6	The Count Lucanor
D7439E0E29A2308707D5F9909E9BB210	Mom Hid My Game!
D7472D1A7DFF1CCFFC71DD978D07EEDF	Azure Saga - Pathfinder DELUXE Edition
D7B61DBE9E88E862593044D886181F8F	The Binding of Isaac - Afterbirth+
D7C32C16F7B1D32CB89C9A1B3D49B1EA	Wanderjahr TryAgainOrWalkAway
D7E1EAD66E92FE2D6B6D71C32FF227C6	ザ フレイム イン ザ フラッド：Complete Edition
D80933F0D07DB2D09BF36B2D4068A696	60 Seconds!
D8477EBFCE8E9558BBCA39ED9EABFE22	2064 - Read Only Memories INTEGRAL (リードオンリーメモリーズ インテグラル)
D84929F70262B71AE76CE821CB940FC6	Hello Neighbor Hide and Seek
D85E3951D849A42A651A9AA53AF378B2	Arcade Archives TERRA FORCE
D8915176A688EB708CE90B0BA9087D8A	American Fugitive
D8BF493019FBB5975DEC38EECB31ABAF	Guns, Gore and Cannoli
D8C5784166D908F1FE4CBDB29092C127	Sparkle 2 EVO
D902E3ED6D2A45402D6840847FFF8E97	Zombie Night Terror
D90D835EB4E7ECA2A19DB66521705676	Mordheim - Warband Skirmish
D91207096B9F736CD4C71DBF1A264C8B	Tales of the Tiny Planet
D91F852531F5C44CD6D0CDE1DA119579	Energy Balance
D93E8B72E78A7C5B386BDD75666FDEB0	욘더 - 클라우드 캐쳐 크로니클 (Yonder - The Cloud Catcher Chronicles)
D9636584657773E9861F7B6BCD7BF0C5	Treadnauts
D97D73B950709B78F237115376A90471	Angels of Death
D9EA21BC904DDF024691B3E2B3075791	The Amazing Shinsengumi - Heroes in Love
DA37D6D2FA8F890156C9A7CE8FE5F27D	Varion
DA37E68BA125453A63BA66E971056FEF	N++ (NPLUSPLUS)
DA75F057B2E2F8CBF9B451090E0EE8F9	Furwind
DA7EA83551D810A6D0CBFBC7260198D7	ニル・アドミラリの天秤 色ドリ撫子
DAA625BEB8968AEF864E0D4CD8DEDD9F	Swim Out
DAB6BC0B42B23CE1F483075F74D913DE	Shephy
DAC4277CBBDBB638CE6796F4B65E02BC	Arcade Archives OMEGA FIGHTER
DAC82A661DEBB8CCCC38F126125FF5ED	Warhammer Age of Sigmar - Champions
DACD4165A965B14B4CB160BB11C71AD1	Moorhuhn Knights & Castles
DACFE6D8E5B76E2A1967038B10E6A185	Revenant Saga
DADF55817982B479D58C1C8D59A7E8AE	Hulu
DAED0996949E9EF8F8D6CD26475D7898	Night Trap - 25th Anniversary Edition
DB019843789841244DC6DD5E80EF960F	Spider Solitaire F
DB06253D7386457714A2AF38E626763B	Arcade Archives PSYCHO SOLDIER
DB3A8382D7B31FDA76C0655FED747C3C	RemiLore
DB8B72D3F5C0091BFDB2A9BB18B962C9	Arena of Valor (BETA)
DBDBE2813D6802A74E703370798DCD59	Pure / Electric Love "What do you want?" - Eri Kitami -
DC26A7A24848708B8243FF375A58037B	ACA NEOGEO ALPHA MISSION II
DC38A2208C63E04B5A29F21E22587C8B	2064 - Read Only Memories INTEGRAL
DC6D7BBDA83445F4FB46AA588B7CB559	ACA NEOGEO GHOST PILOTS
DC7F497D6B03628BCFC1F74A235534C0	にゃんらぶ ～私の恋の見つけ方～
DC99C69630DBBA74D64AF2D0D783AF20	Ultrawings
DC9B39C5FC204571477F19146A905358	Hexologic
DCA5B28D03CEBE114714B4D2B47A839A	Clue
DCEB66DCFB3F494A34A8A3ED44735DDD	NOT A HERO - SUPER SNAZZY EDITION
DD512E847A0C0BE2E2C8070722DEF9A2	The Adventure Pals
DD79005BDCB4990D642BE0C52EC2DB9C	Grandpa and the Zombies
DDB4B0A5CA54D3DD7A4CA3A064356665	無双OROCHI３
DDCFFBBB37F26AA3030C76C655491F57	The Legend of Zelda - Breath of the Wild Demo for KIOSK
DDEF396C339D4C9AFD5BACB7424A26AA	Semispheres
DDFE89762F62AA793E4C4AE9802F7A71	Detention
DDFEE9F809BAFAD1E38A2FA1ED74B872	Coloring Book
DE1785362C2F8C51A9B61D9A41677850	GODS Remastered
DE255005F7F9A62C93B0B715140250E7	NBA 2K19
DE497FD1922402282E64912CB53E03A1	MY HERO ONE'S JUSTICE
DE7EBDAC9B65F1A35C4ECAEE03992A9C	Last Day of June
DEC61573E9596AE9FFC5D54021E24F3C	Legendary Eleven
DECD6107E5477CFA2919C447E5B68FF0	Phoenix Wright - Ace Attorney Trilogy
DEE2F5E57F03D4565DCE284138B5BE6F	Code of Princess EX
DF06432950E7584A85A6E330271A6162	Draw a Stickman - EPIC 2
DF1FE69B03FECFA59D955944DA4B4ADF	カプコン ベルトアクション コレクション
DF4DD10CFE6EDD53634E7E5973C64297	Disgaea 5 Complete Demo
DFA81AB57355EF9D9827B6FD8A23533B	DRAGON BALL FIGHTERZ
DFBF64B5598BE9D67B3BC2ABD62E3A8E	WHIP! WHIP!
DFC4695F1794AB71CA60A5E46DE0AEFA	ACA NEOGEO THRASH RALLY
DFCCF883DFDED7B79D32F833B245B3C2	Passpartout - The Starving Artist
DFF1EA94DFDF5D32FE9B075479BD9847	Hob - The Definitive Edition
E0010D5597DBB4959CB7A64FB5CB4068	The Little Acre
E0271681F1AC755DDE5456B234024A96	Yoshi's Crafted World
E03D8B3F93A5384E0D114EEF227E436B	Mitsurugi Kamui Hikae
E071EE2C2FF60B04627FA634C4BD2248	Tumblestone
E07BDE1FE8CFE9211D83FAAAE431E334	SAINTS ROW - THE THIRD - THE FULL PACKAGE
E07D9F37D97B71B15021DA310C0AFDB2	Subsurface Circular
E098AAA9241EB5A3787DC8E0E327C41F	Lost Phones Stories
E09C97DC112BB90D098A05B3B86A9CB7	Yonder - The Cloud Catcher Chronicles (retail only)
E0AD1F17159CF22AA915F4628551EDD2	Guilty Gear XX Accent Core Plus R
E0B722AFF4EA0D45DAC73AF32CE107BF	アンエピック
E0D5961EE2CDB699C5126BFC49F60719	Turok
E0FF537900AB4A930B7984BF9ADA1E6B	Feudal Alloy
E0FF665F6C9D5FDF68AB1BD593D3B5C0	TETRA's Escape
E101E6CD240F5E838BC8C0014D43B12E	モザイクアート Fill-a-Pix DELUXE 体験版
E106A613E0C1B6AC88570F1871104D66	Resident Evil 4
E10B973FB16E084DAE4A08D20381104A	It's Spring Again
E10E263B7D8EEA51B0849A8B0E93295B	Fairy Fencer F - Advent Dark Force
E115F8E1F53BBE9D9D8F4A910F3B0822	Rebellions Secret Game 2nd Stage for Nintendo Switch
E13D9B3FF4EAAC8EFD628B8759E466A9	ACA NEOGEO SENGOKU
E198515F009D32B25AB7C0F22B0BEB15	Julie's Sweets
E1A7E95F9E577242170CB3869DA3D3AF	Sid Meier's Civilization VI
E1B0C0F38D0D7095B8687F37C7F2166C	Combat Core
E1D37D35FB956DC79562012D965075A9	Astro Duel Deluxe
E1DBC380057BCC000D8A17AD28C4D2FE	SEGA AGES Out Run
E1F9019A5785F9F987D792FA58D20C03	Harvest Life
E222505140F51F4DF8E4A8691AE7E2B2	SkyScrappers
E244A98DC8CF94E8B1EC9CF83B3FA5DE	WILL - 素晴らしき世界
E25C6EA276D9241752081CBF73BEEBCA	Bad North
E2646033A715C7207E6620431B956A3B	Physical Contact - SPEED
E26BA87D9345DFF48529AE017EF97257	Light Fingers
E27E5ADA5A86332E7C52B3562FCF5A27	Bayonetta 2
E29F86DDF0DA748EEA5153B173EFA3F9	Word Search by POWGI Demo
E2DADADBE272660A316475FCCDECFECB	Wonder Boy - The Dragon's Trap
E2FB08076E02E8CC68D13AFA53053847	Oxyjet
E31CB7B96F8F4E742CAFE365B3166C41	Dragon Quest Builders
E379FBA8286DF865C869E0C23904F786	Super Meat Boy
E3842462451C5EB878278B29E6997754	ACA NEOGEO THE KING OF FIGHTERS '99
E388263D8D5CD0D8B496E4BBAD98B7FF	PixelJunk Monsters 2
E3B94FC46103FC52FAD4B2D8D9B18FBB	Pianista - The Legendary Virtuoso
E401AD5BEF479BDC621DC61231CDE19B	Cubikolor
E4039DB683723B84406EC6B86C20ECFE	Odium to the Core
E44E72E5E66AE20EC1EF81D6019561A8	Monster Jam Crush It!
E46570FFEB894A989665D2E63DBC76B7	Aragami - Shadow Edition
E483DDBC6212D6029655DFB86D2AA84D	Super Volley Blast（スーパーバレー ブラスト）
E4B364C957D95017CA1171810D655865	Pokémon Quest
E4BBF7F9DFA2D6FB9650689AAC24D3FD	Dragon Sinker
E4D7079C022FAC3BCE5718D692AD0B68	Goat Simulator - The GOATY
E4F0C63BCB1C06900B3F12164D54C52B	Retimed
E50EAC03DE85945A47682F8AD025F712	遊んで将棋が強くなる！ 銀星将棋DX
E51362047B6E1C9B913C61D03362534F	INVERSUS Deluxe
E532657ED7CD604D227CD20BF689C6B7	Tokyo School Life
E5779271796D57A2A0C5E7F3692FF420	ACA NEOGEO MUTATION NATION
E57AAD65AD5D1634D7B282D4A780233D	ファイアーエムブレム無双
E5E66897F0FC7AFCC67370BFA94112A3	LEGO The Incredibles
E604EEE6656E7AD488245F03678945A4	KAMIKO
E62A7FC50742384CC7F3D183106C887F	Night Trap - 25th Anniversary Edition
E640BF5460DE189F0C9DA9F1A16D3C97	Dragon Marked for Death - Frontline Fighters
E652386CCAE8D73CE9DD13F1BF2BE204	ACA NEOGEO WAKU WAKU 7
E673D08B1AE470C00E58EF0C604C79A5	Pankapu
E69B4438A41009057D7BD886E2D1DCAD	Octocopter - Double or Squids
E6A572BBB7D7369095A56FC1C015996F	Squids Odyssey
E6A6803C3A81DFEE019FD8422CC02645	Nice Slice
E6AF6064232D0BC4FCC6C2F85794534D	Fate/EXTELLA - The Umbral Star
E71864BDBA3AEF5AC98CCFDB339EEB70	Burnstar
E71C245B094DD02F79A2E4A03DFB8635	Stardust Galaxy Warriors - Stellar Climax
E7260330E4B7D47C63FF99BA9689D77C	Street Fighter 30th Anniversary Collection
E7466EFDE6891B29996B73D68E7211BE	Let's Sing 2018 mit deutschen Hits
E7678FEF120A0D21EAC958914F088988	Monopoly for Nintendo Switch
E769E2D93519E8D860445ED00A4A5E3D	Slime-san
E78494204D2B5363B72BD1CE82C84A67	D/Generation - The Original
E84DDD08AF543D1912A44E015F43C8B8	Bleed 2
E85E330A8EFA83515FB070868C2B0FF9	ACA NEOGEO METAL SLUG 4
E868EEB4280872D702389B227F86D509	スプラッシャー
E886003A82A6D837C7BFB00F0AC22765	Ms. Splosion Man
E895B52D0AFBFA8FD5E608CEDDB83DAA	A Robot Named Fight
E8BD90C3AAFE243BBC09BEA2F40139C5	ラピス・リ・アビス
E8FA17541A37E514703ABA9F375AA0F5	Dear My Abyss
E90038896550467C76B01C0A73359B5C	Viviette
E90A5421F5FE4E5B694DC8C1C48C4980	ACA NEOGEO SENGOKU 3
E93101C3375FC0C62C61CD96DD4C31EB	Double Cross
E9A2C3977990DCBB13CD00C0F35675FD	Downwell
E9AA6B493C904541EC9B01BBC08D3172	Happy Birthdays
E9AB6F531D4E0531BD0FF6DA73B02B73	Picross S3
E9BC33EBE8AAA5291ACB38CAB2A746E9	レッドストリート - 悪魔の挑戦デラックス
E9E7789D0D858286F3EAD90272D6C93B	The Golf
EA167CCACA37E364FF7957C68F12AA0E	Human Resource Machine
EA5212C62491552B5F16711A467EE7C5	Azkend 2 - The World Beneath
EA534D4250DCDCCF8BF5F11DD0883F9E	Deponia
EA5CEAD0C10C4580E4DCED858DDFCF69	Dandara
EAAF00F9919C9AB81CDE9DBE076E277D	Xenon Valkyrie+
EABB6121627EFDE765E76F504320C161	FOX n FORESTS
EAD9CDD267F449963C89657382E411AE	Baba Is You
EADE310509237E7DB3251E18BAAA5FF7	刑事J.B.ハロルドの事件簿 キス・オブ・マーダー
EAF2240519C40F1D235455E11476597B	A Hole New World
EB00ADCF7B3441944BBC1008D8D13C68	ALPHA
EB05912AD61C71537DD73781EA611878	Mushroom Wars 2
EB0FA6912AB823BC96766263A9850D9F	Tower of Babel
EB267595F582E095258C73261C50D249	The Swindle
EB2CABD9A6F6A165271E80B77DEC0758	ACA NEOGEO AERO FIGHTERS 3
EB560D3704A5F21C63936798BBAACE00	Don't Knock Twice
EB56C3076623A42E3D8E725F0F461809	Swords & Soldiers
EB589F93A8F524032CCB1C0187ED0E4A	The Mooseman
EBA8191B260B833E764252C0172762A0	거짓말쟁이 공주와 눈먼 왕자
EC0D902A770A3693E008D1454904893C	The Princess Guide
EC0E3FD559F19E847D4DB8535E3B0FBE	シャンティ -海賊の呪い-
EC1951C1CF03769053B9622056A16777	OCTOPATH TRAVELER
EC1B77AE9303F26F77A7F7CED6F5D1DA	Uncanny Valley
EC251FA2DD0E8A45A31F4BC17F341EAA	UTOPIA 9 - A Volatile Vacation
EC36CE629A112A679FD8322931CF5D61	ぎゃる☆がん２
EC6CFC800591CC468B00E432958B1AAE	Streets of Red - Devil's Dare Deluxe
ECA1F39B460551E4F9002BF0E6421881	My Farm
ECCAE210FD0AA1E799B6F807E179FB9A	Xenoblade2 (ゼノブレイド2)
ECD083F6B655B7AC9BBC8E521BE7DD8E	Ben 10
ECF7C1FC14F45884413690C3AD02E669	クリプト・オブ・ネクロダンサー体験版
ED4F3705B42A93866A3F4D1B60EDC32B	ガールズ＆パンツァー ドリームタンクマッチDX
ED5083C44CFE472CEB88D16B3AA6A822	キミの瞳にヒットミー
ED60DEF35B747E088A2C783CA7E55BA0	大神 絶景版
ED94168B050F61FDC6B687BE665E6AC1	Glaive - Brick Breaker
ED9540C424F16A27C83ED2DE6BB53FCE	Sheltered
EDCEA1FCC885FBE806FDB5184727B59E	The Spectrum Retreat
EDD34343842BE27DBF0C0BE202BFEEE4	ACORN Tactics
EDDC6C86A5D81BFE446FBF2430FC3618	de Blob
EDF148CA049C39CEC1A374B0743A2254	ネコネイビー -デイドリーム・エディション-
EE0E7613AF805C8092DC874A586B298E	アーバントライアル プレイグラウンド 体験版
EE21D8B32B25BA5ED0E7DF4D0CB26D8C	Final Light, The Prison
EE34F66FE68A93B3936A8C079E07A1F6	Elemental Knights R
EE38A80E451405BE4F557162CD6D3250	Save me Mr Tako - Tasukete Tako-San
EE42F96072B55C97A91872312C7160B1	Bombslinger
EE43F31B1F6F0D2F86C463DCCE3807B4	Plantera Deluxe
EE5FC95DE6C18BF10347755AD66D9D5A	Spiral Splatter
EEB9A2FA4E227CC1AF0D205AD113CE9A	ACA NEOGEO PREHISTORIC ISLE 2
EEC5FC79B39E6B34B03DC025D17F73F1	魔界戦記ディスガイア5 体験版
EECC236F99339A8D24BA58C2CCB08D91	FINAL FANTASY VII
EF0E7A50329DBE7D785CCD8DE29142A2	Screencheat - Unplugged
EF23ACF3B0A5F3FABBCE2F123238AFBF	SUPERBEAT - XONiC
EF362055E2612FF3E04AF0394A9E0FE9	Hiragana Pixel Party
EF3E9D7CCCF488AC50EAC37CB4A6BC67	Dust - An Elysian Tail
EF4D08160843BC4C7188BC45290FDB64	Dustoff Heli Rescue 2
EF596D869B0A8C47E7784FBD06652E31	Yōdanji
EF60B9980DF4152C3A7DCC223E077DA0	Pure / Electric Love "Everyone else!" - Ema Sakura -
EF736698E6DFC29637F278F50CA5B687	ACA NEOGEO SOCCER BRAWL
EF7598070F95277DB4670A6855CC23BF	Chalk Dash Carnival
EF77E9866BEFE26F8CC3E096AA56DCD9	Syberia 3
EF7A5D7C422247DCB6F300D0A6EB512B	Save the Ninja Clan
EF827955D834AA0DD0E2B916BA7B9530	Nelke & the Legendary Alchemists ~Ateliers of the New World~
EFBBFCF653B0F1EABF89F35ED97D17B4	Dawn of the Breakers
EFC27116AB7654BE16347FB0B3BC7375	DEAD OR ALIVE Xtreme 3 Scarlet
EFC8C473E0CA27AA3CFE956F59D92070	DARK SOULS REMASTERED
EFD0FBB3F99D2E0C38D3D370E0E8C474	Chess Ultra
EFDDE81F58B4C9CBBED7D3AE6FD48B29	The Swords of Ditto - Mormo's Curse
EFE13B4077D51B13CA2664B2A3CAD1A3	NARUTO－ナルト－ 疾風伝 ナルティメットストーム３
F014B595229BEB994F49726A5045DE10	Space Ribbon
F01ACEFB237A5299F6123EB6111B4B4B	Pixel Devil and the Broken Cartridge
F02329291A4F71BD08054670949FEA4E	Arcade Archives DOUBLE DRAGON
F0293DF3653961E8C17E0A14B07F63FC	Q.U.B.E. 2
F0562591817EEB14D3F26C3B8C6F84AF	Air Hockey
F09BF66FA4066291880F82B2EECE07CD	おしゃべり！カケジョ！～奪われたドットコインを追え！～
F0CD9A9CC80E2312741775DF94AECB28	JUDGEMENT 7 俺達の世界わ終っている。
F1067438B3EA022B78FE66CDDF52F011	Mugsters
F175EDD4837818AE15D48A3357EC8A9A	ACA NEOGEO 3 COUNT BOUT
F183166517606A0BF77C9AD18B38603C	Dracula's Legacy
F1AE93740601329F9D91400EF9AE16D1	Streets of Red - Devil's Dare Deluxe
F1C11A22FAEE3B82F21B330E1B786A39	The Legend of Zelda - Breath of the Wild
F1EA68E1B381574EA810935486D7D1D8	Fossil Hunters
F1F2413B62F601EA22D139794879A6C5	Typoman
F2076C5CA788C0EAD7E0209EFAE85AA7	Super Toy Cars
F2305484081A8B0D78173AF3AB5669A8	Nightmares from the Deep 2 - The Siren`s Call
F23196C95CC2B54E2B057ED8493ABB9C	Flinthook
F2A0E98C5139EAEE811394522BF226C2	グレコからの挑戦状！計算の城とオバケたち わり算
F2AC0CB0DC9D1C1A276954BFBC8700D4	Dragons Dawn of New Riders
F2AD633C56DFAB9C9B7D11C7001CCC32	Mutant Mudds Collection
F2E28E5AFCD53D60A611774B9A5A4433	Fairy Fencer F Advent Dark Force
F2EECAA1F0443FFEFF933AD7E341BDFA	Wheel of Fortune
F2FC6BFBE46AAF956A05A9104FD4701D	ロロナのアトリエ ～アーランドの錬金術士～ DX
F354528C747ACC7677993724C249E60D	Thumper
F37621988EB6D8D90FBAE1FF6F463F45	三国恋戦記～オトメの兵法！～
F3AD23231727C66A0A2E8CCB30040335	Resident Evil 0
F3B0CD5EE29D1FFF988FBFDE1960A143	Warriors Orochi 4
F3B3E13D79FD55B6E19E5A8511A3C4F8	Save me Mr Tako - Tasukete Tako-San
F3DCFE5993801D2BE14298CE367DB8EA	Arcade Archives PUNCH-OUT!!
F3E6D5D6C4D2BC73CF0322BEAD0BD20E	鯉(KOI)
F3FD552519DA87B6027D2647E55F0E41	Sword Art Online - Hollow Realization - Deluxe Edition
F431677C7AC88C3119E84A98987A8AA3	LEGRAND LEGACY - Tale of the Fatebounds
F45334A01CFED16350B7B48974604E3A	BINGO for Nintendo Switch
F4604A8E1DB2255FDEC14A57FD2B2901	Big Buck Hunter Arcade
F4675A8FB124DC1E97A90484190C1760	Flood of Light
F467B6DB8A38B5B7359BD2F6E2FA106F	ACA NEOGEO SAMURAI SHODOWN IV
F476AB43D70AF863FE443B5546246311	Gear.Club Unlimited
F489C99A244DF57DCBDC4BFD2DB926F1	Fortnite
F5107690BE4D95C9B72387E7357BB95B	Beyond Enemy Lines - Covert Operations
F5309F473A10192E533AFB71939D7833	Urban Trial Playground
F54589DA6F88F0E822058C7D18802E56	I Am The Hero
F589AFB79FCF9E9570F9E87A1C8F08FA	Mages of Mystralia
F5B8727C6EC23753411283E8A7B5F263	I am Setsuna
F5BB998AD1A05DF6377DA74D64A96A6A	アニマス
F6031A4B7DE733378999EB29738A1EA9	Diggerman
F63269FC426856764C7EFF3889BAEBB0	Gakuen Club
F639752F5FA028761EF9C25DB534FD07	Azure Striker GUNVOLT - STRIKER PACK
F64836112794B38AB195F3CAD1E2E9E6	Go Vacation
F64E68E66EBEE38CCD5BC95B6B2D79D9	Shiftlings - Enhanced Edition
F66292DB1D159D0FF961137D13E19C57	6180 the moon
F6A9FDEC32AA72FA326D65D9E6E61D2A	Cast of the Seven Godsends
F6ABF5D1BFD62F70F73C0C9982E31B9A	マーセナリーズウィングス 偽りの不死鳥
F6EFF647AC93F32894EFE80C140B72AA	Air Mail
F6FD51AFFB62CEB7B0D5656848F83575	Portal Knights
F6FDA57AEDA87905260D3CA2F6F7D9AA	銀星将棋 強天怒闘風雷神
F71C32DF274D0F3C24209DE9D260F7A4	Millie
F744B87397A7940600CDAC0D87BB4A93	Shanky - The Vegan's Nightmare
F744D7EEE079DACC7C54DEE475F2B23F	SENRAN KAGURA Reflexions
F75137C5A1FA59307075725856AFDA0E	Death Mark
F767F138BF1660BE28842B0F3A970F82	最悪なる災厄人間に捧ぐ
F7AA7CB69654534D9FBBED86DF5044DF	Yooka-Laylee
F7B7B4891A3B98DACAF9DF2ECDF64B41	Nightmare Boy
F7C1314999B61493383F5832F49291E5	Vesta
F7EC513B0696A0E446E8AC4E3B923F8D	Spot The Difference
F80EF38E0F4DBA63DFC707D5359589E4	The LEGO Movie 2 - Videogame
F8192A50FAAF11D13740D3B0F441A1C1	Wulverblade
F85A1E5451B2946389E151B60D42E9DF	Big Crown - Showdown
F85E557FCDDA759A5F5982B167639164	ポータルナイツ
F869F29B8909D93B8F6A1EC5BDDAB49F	Owlboy
F897DAA49269BC023482B5C9AAA6BE73	Overcooked Special Edition
F8BB8BF6619E9B741AC0153F40A89089	Brawlhalla
F8CFD63CD8CA4EEC81B85879F40D48A8	Heroes of the Monkey Tavern Demo
F8D087CFC849713C76A06A954E9486D3	Shovel Knight - Treasure Trove
F992EE5074AFA600D8E4DB3C1D541E58	ONE MORE DUNGEON
F9E4ED7281324AE9C62C7E2BBA082F61	The World Ends With You -Final Remix-
F9F3B6A3A1EC18642D6F687EF8732C5E	When Ski Lifts Go Wrong
F9FC15F22B7B8DF7CCD02BCC10459876	Unholy Heights
FA19A411D2E937E8A9FD24C999475034	Tangledeep
FA51255068DF26236C79438A06643C23	Owlboy (retail only)
FA7662B29861B6C357D6E4EBE9C7FE4C	Sparkle 3 Genesis
FAA9BE1C3338E3B1D603918A1F456AA2	Steins;Gate Elite
FABF74CCD7EDEC3005CE08A5EB69DCB4	Yet Another Zombie Defense HD
FAC7FF48FAF882CEF9C31DA9629F0CAB	BILLIARD
FB0776A4A7A6D1B0E9F47BDAAF61EC13	World of Final Fantasy Maxima
FB25FDC0F29098A7989DF4CB1B39A7A8	Skee-Ball
FB761F89764FE6715E1C3E00FCB812D3	LEGO Harry Potter Collection
FBA05D2F82373857F2C25273CA75D870	ACA NEOGEO FATAL FURY
FBB327649A728DC50F4ADC09C6CD9625	The Sexy Brutale
FC2DF4B4D7DA45DCA40256D3197CF764	The Lion's Song
FC5A2772DC88D8843064DD6C07C3DCB1	10秒走RETURNS 体験版
FC64714676BFBA726EA2DCD567FA6FDB	GUILT BATTLE ARENA
FC64F0578A51F672208F1984E488C5D4	ルカノール伯爵
FC6B4EF151AD3B608FCAEDD43251DD78	Solitaire Klondike BLACK
FC8CA44E1687474B67700F988F25F1B6	数学力王 中学３年
FCB63B75862F5493AE08F1CBFC4B83B0	Lapis Re Abyss(Korea Ver.)
FCC643568D1FC91A74AD10AB2594AD7D	戦国キャノン for Nintendo Switch
FCEEF6C9E950BC5D5CF4511DF574A8E2	ACA NEOGEO ART OF FIGHTING 3
FD17F68CB2BFD99779AA10C4E30817B3	Event Horizon
FD183AEA4E01C7D0DF70676D5506C223	Farming Simulator Nintendo Switch Edition
FD9C2C2EDC9ABCBFF4553C95203A203B	Machinarium
FDA0BE4228FF224FA2318CDC9DEDD37C	Joe Dever's Lone Wolf
FDDDD25D740A6A609E1AEA8B55BE1A93	Baobabs Mausoleum Ep.1 - Ovnifagos Don't Eat Flamingos
FDE011B0032BA8176CE36EB982D08562	The Fall Part 2 - Unbound
FDE34C15087DAB8E9276197E9338B8C5	Yonder - The Cloud Catcher Chronicles
FE1F808C8E927187A76324DEC3919AAF	カラオケJOYSOUND for Nintendo Switch
FE45BD53AD2F4D9F21DC209EBBAC721D	Just Dance 2019
FE66B0BB576A32FA6B4223566B0BF94F	Premium Pool Arena
FE6A6449B65FB0A4A26539786A3AA807	Freedom Planet
FE86C54043112E43EDC0843EE74B2367	不如帰 大乱
FE883A954B55BA5E898EFBC10BBC1E26	NBA 2K Playgrounds 2
FEC2A0891ECAE65CD461F31529B06E5C	Spartan
FEDDFB3BEB94843E6A8D2AF517CAE725	Chocobo's Mystery Dungeon EVERY BUDDY!
FEEB0EBFC2627546BAD816F80399A905	Rolling Gunner
FEEB76B8477F5B36EB008A41BC247436	Late Shift
FF2A6220E3F002C96CFAB3120CDA1203	TouchBattleTankSP
FF3DC0CC50E33DEA65489FBE36679C77	戰場女武神４
FFDC724B30E62B7C8A1E6E613784DBFB	Shadows of Adam
